-- MySQL dump 10.13  Distrib 5.7.17, for Win64 (x86_64)
--
-- Host: localhost    Database: bdd_abejas
-- ------------------------------------------------------
-- Server version	5.7.17-log

/*!40101 SET @OLD_CHARACTER_SET_CLIENT=@@CHARACTER_SET_CLIENT */;
/*!40101 SET @OLD_CHARACTER_SET_RESULTS=@@CHARACTER_SET_RESULTS */;
/*!40101 SET @OLD_COLLATION_CONNECTION=@@COLLATION_CONNECTION */;
/*!40101 SET NAMES utf8 */;
/*!40103 SET @OLD_TIME_ZONE=@@TIME_ZONE */;
/*!40103 SET TIME_ZONE='+00:00' */;
/*!40014 SET @OLD_UNIQUE_CHECKS=@@UNIQUE_CHECKS, UNIQUE_CHECKS=0 */;
/*!40014 SET @OLD_FOREIGN_KEY_CHECKS=@@FOREIGN_KEY_CHECKS, FOREIGN_KEY_CHECKS=0 */;
/*!40101 SET @OLD_SQL_MODE=@@SQL_MODE, SQL_MODE='NO_AUTO_VALUE_ON_ZERO' */;
/*!40111 SET @OLD_SQL_NOTES=@@SQL_NOTES, SQL_NOTES=0 */;

--
-- Table structure for table `acciones_producto`
--

DROP TABLE IF EXISTS `acciones_producto`;
/*!40101 SET @saved_cs_client     = @@character_set_client */;
/*!40101 SET character_set_client = utf8 */;
CREATE TABLE `acciones_producto` (
  `CD_ACCION` int(11) NOT NULL AUTO_INCREMENT,
  `CD_SUCURSAL` int(11) NOT NULL,
  `CD_PRODUCTO` int(11) NOT NULL,
  `CD_TIPO_ACCION` int(11) NOT NULL,
  `OBS_ACCION` varchar(200) DEFAULT NULL,
  `CANTIDAD_ACCION` int(11) NOT NULL,
  `FE_ACCION` datetime NOT NULL,
  `PRECIO_ACCION` float NOT NULL,
  `COSTO_ACCION` float NOT NULL,
  `CD_INVENTARIO` int(11) NOT NULL,
  `ES_CARGA_INICIAL` int(11) NOT NULL,
  `CD_SUBTIPO_ACCION` int(11) NOT NULL,
  `CD_USUARIO` int(11) NOT NULL,
  `CD_CABECERA` int(11) DEFAULT NULL,
  PRIMARY KEY (`CD_ACCION`,`CD_SUCURSAL`),
  KEY `SUCURSALES_ACCIONES_PRODUCTO_FK` (`CD_SUCURSAL`),
  KEY `TIPOS_ACCION_ACCIONES_PRODUCTO_FK` (`CD_TIPO_ACCION`),
  KEY `PRODUCTOS_ACCIONES_PRODUCTO_FK` (`CD_PRODUCTO`),
  KEY `TIPOS_ACCION_ACCIONES_PRODUCTO_SUBTIPO_FK` (`CD_SUBTIPO_ACCION`),
  KEY `inventarios_acciones_producto_fk` (`CD_INVENTARIO`,`CD_SUCURSAL`),
  KEY `comprobante_cabecera_acciones_producto_fk` (`CD_CABECERA`,`CD_SUCURSAL`),
  CONSTRAINT `PRODUCTOS_ACCIONES_PRODUCTO_FK` FOREIGN KEY (`CD_PRODUCTO`) REFERENCES `productos` (`CD_PRODUCTO`) ON DELETE NO ACTION ON UPDATE NO ACTION,
  CONSTRAINT `SUCURSALES_ACCIONES_PRODUCTO_FK` FOREIGN KEY (`CD_SUCURSAL`) REFERENCES `sucursales` (`CD_SUCURSAL`) ON DELETE NO ACTION ON UPDATE NO ACTION,
  CONSTRAINT `TIPOS_ACCION_ACCIONES_PRODUCTO_FK` FOREIGN KEY (`CD_TIPO_ACCION`) REFERENCES `tipos_accion` (`CD_TIPO_ACCION`) ON DELETE NO ACTION ON UPDATE NO ACTION,
  CONSTRAINT `TIPOS_ACCION_ACCIONES_PRODUCTO_SUBTIPO_FK` FOREIGN KEY (`CD_SUBTIPO_ACCION`) REFERENCES `tipos_accion` (`CD_TIPO_ACCION`),
  CONSTRAINT `comprobante_cabecera_acciones_producto_fk` FOREIGN KEY (`CD_CABECERA`, `CD_SUCURSAL`) REFERENCES `comprobantes_cabecera` (`CD_CABECERA`, `CD_SUCURSAL`) ON DELETE NO ACTION ON UPDATE NO ACTION,
  CONSTRAINT `inventarios_acciones_producto_fk` FOREIGN KEY (`CD_INVENTARIO`, `CD_SUCURSAL`) REFERENCES `inventarios` (`CD_INVENTARIO`, `CD_SUCURSAL`) ON DELETE NO ACTION ON UPDATE NO ACTION
) ENGINE=InnoDB AUTO_INCREMENT=624 DEFAULT CHARSET=utf8;
/*!40101 SET character_set_client = @saved_cs_client */;

--
-- Dumping data for table `acciones_producto`
--

LOCK TABLES `acciones_producto` WRITE;
/*!40000 ALTER TABLE `acciones_producto` DISABLE KEYS */;
INSERT INTO `acciones_producto` VALUES (22,2,1,1,'',10,'2017-06-08 00:00:00',3,2,30,0,3,0,-1),(23,2,1,1,'',100,'2017-06-08 00:00:00',3,2,30,0,3,0,-1),(24,2,1,1,'',11,'2017-06-08 00:00:00',3,2,30,0,3,0,-1),(25,2,1,1,'',1,'2017-06-08 00:00:00',3,2,30,0,3,0,-1),(26,2,1,1,'',10,'2017-06-08 00:00:00',3,2,30,0,3,0,-1),(27,2,2,1,'',2,'2017-06-08 00:00:00',6.5,5.5,30,0,3,0,-1),(28,2,1,1,'',14,'2017-06-08 00:00:00',3,2,30,0,3,0,-1),(29,2,2,1,'',12,'2017-06-08 00:00:00',6.5,5.5,30,1,3,0,-1),(30,2,1,2,'',1,'2017-06-09 00:00:00',3,2,30,0,5,0,1),(31,2,2,2,'',3,'2017-06-09 00:00:00',6.5,5.5,30,0,5,0,1),(32,2,3,2,'',3,'2017-06-09 00:00:00',13.5,12.5,30,0,5,0,1),(33,2,1,2,'',3,'2017-06-09 00:00:00',3,2,30,0,5,0,1),(34,2,1,1,'',100,'2017-06-09 00:00:00',3,2,30,1,3,0,-1),(35,2,3,1,'',300,'2017-06-09 00:00:00',13.5,12.5,30,1,3,0,-1),(36,2,7,2,'',5,'2017-06-09 00:00:00',17.25,0,30,0,5,0,1),(37,2,5,2,'',2,'2017-06-09 00:00:00',10.8,10,30,0,5,0,1),(38,2,1,2,'',1,'2017-06-28 00:00:00',3,2,30,0,5,0,1),(39,2,1,1,'',28,'2017-06-28 00:00:00',3,2,30,1,3,0,-1),(40,2,1,2,'',2,'2017-06-28 00:00:00',3,2,30,0,6,0,-1),(41,2,1,2,'',3,'2017-06-28 00:00:00',3,2,30,0,8,0,-1),(42,2,1,2,'',4,'2017-06-28 00:00:00',3,2,30,0,9,0,-1),(43,2,1,1,'',5,'2017-06-28 00:00:00',3,2,30,1,3,0,-1),(44,2,1,1,'',3,'2017-06-28 00:00:00',3,2,30,1,4,0,-1),(45,2,2,1,'',2,'2017-06-28 00:00:00',6.5,5.5,30,1,3,0,-1),(46,2,2,1,'',1,'2017-06-28 00:00:00',6.5,5.5,30,1,3,0,-1),(47,2,2,1,'',1,'2017-06-28 00:00:00',6.5,5.5,30,1,3,0,-1),(48,2,2,1,'',2,'2017-06-28 00:00:00',6.5,5.5,30,1,3,0,-1),(49,2,4,1,'',1,'2017-06-28 00:00:00',6,5.25,30,0,3,0,-1),(50,2,3,1,'',1,'2017-06-28 00:00:00',13.5,12.5,30,0,3,0,-1),(51,2,4,1,'',1,'2017-06-28 00:00:00',6,5.25,30,0,3,0,-1),(52,2,3,1,'',1,'2017-06-28 00:00:00',13.5,12.5,30,0,3,0,-1),(53,2,3,1,'',2,'2017-06-28 00:00:00',13.5,12.5,30,1,3,0,-1),(54,2,3,1,'',4,'2017-06-28 00:00:00',13.5,12.5,30,1,4,0,-1),(55,2,4,2,'',1,'2017-06-28 00:00:00',0,5.25,30,0,8,0,-1),(56,2,4,2,'',2,'2017-06-28 00:00:00',0,5.25,30,0,6,0,-1),(57,2,4,2,'',3,'2017-06-28 00:00:00',0,5.25,30,0,9,0,-1),(58,2,4,2,'',4,'2017-06-28 00:00:00',0,5.25,30,0,7,0,-1),(59,2,4,2,'',5,'2017-06-28 00:00:00',0,5.25,30,0,7,0,-1),(60,2,4,2,'',77,'2017-06-28 00:00:00',6,5.25,30,0,5,0,1),(61,2,4,2,'',66,'2017-06-28 00:00:00',0,5.25,30,0,7,0,-1),(62,2,1,1,'',100,'2017-07-26 00:00:00',3,2,30,0,3,1,-1),(63,2,2,1,'',200,'2017-07-26 00:00:00',6.5,5.5,30,0,3,1,-1),(64,2,5,1,'',50,'2017-07-26 00:00:00',10.8,10,30,1,3,2,-1),(65,2,7,1,'',70,'2017-07-26 00:00:00',17.25,0,30,0,3,2,-1),(66,2,1,2,'',1,'2017-07-26 00:00:00',3,2,30,0,5,2,1),(67,2,5,1,'',5,'2017-07-26 00:00:00',10.8,10,30,0,3,1,-1),(68,2,4,1,'',40,'2017-07-26 00:00:00',6,5.25,30,0,3,1,-1),(69,2,5,2,'',1,'2017-07-26 00:00:00',10.8,10,30,0,5,1,24),(70,2,1,2,'',1,'2017-07-26 00:00:00',3,2,30,0,5,1,24),(71,2,3,2,'',1,'2017-07-26 00:00:00',13.5,12.5,30,0,5,1,24),(72,2,5,2,'',1,'2017-07-26 00:00:00',10.8,10,30,0,5,1,24),(73,2,3,2,'',1,'2017-07-26 00:00:00',13.5,12.5,30,0,5,1,24),(74,2,1,2,'',1,'2017-07-26 00:00:00',3,2,30,0,5,1,24),(75,2,5,2,'',1,'2017-07-26 00:00:00',10.8,10,30,0,5,1,24),(76,2,3,2,'',1,'2017-07-26 00:00:00',13.5,12.5,30,0,5,1,24),(77,2,1,2,'',1,'2017-07-26 00:00:00',3,2,30,0,5,1,24),(78,2,3,2,'',1,'2017-07-26 00:00:00',13.5,12.5,30,0,5,1,24),(79,2,5,2,'',1,'2017-07-26 00:00:00',10.8,10,30,0,5,1,24),(80,2,1,2,'',1,'2017-07-26 00:00:00',3,2,30,0,5,1,24),(81,2,3,2,'',1,'2017-07-26 00:00:00',13.5,12.5,30,0,5,1,24),(82,2,3,2,'',1,'2017-07-26 00:00:00',13.5,12.5,30,0,5,1,24),(83,2,3,2,'',1,'2017-07-26 00:00:00',13.5,12.5,30,0,5,1,24),(84,2,3,2,'',1,'2017-07-26 00:00:00',13.5,12.5,30,0,5,2,24),(85,2,1,2,'',1,'2017-07-26 00:00:00',3,2,30,0,5,2,24),(86,2,1,2,'',1,'2017-07-26 00:00:00',3,2,30,0,5,2,24),(87,2,3,2,'',1,'2017-07-26 00:00:00',13.5,12.5,30,0,5,2,24),(88,2,1,2,'',1,'2017-07-27 00:00:00',3,2,30,0,5,1,24),(89,2,1,2,'',1,'2017-07-27 00:00:00',3,2,30,0,5,1,24),(90,2,1,2,'',1,'2017-07-27 00:00:00',3,2,30,0,5,1,24),(91,2,3,2,'',1,'2017-07-27 00:00:00',13.5,12.5,30,0,5,1,24),(92,2,3,2,'',1,'2017-07-27 00:00:00',13.5,12.5,30,0,5,1,24),(93,2,3,2,'',1,'2017-07-27 00:00:00',13.5,12.5,30,0,5,1,24),(94,2,3,2,'',1,'2017-07-27 00:00:00',13.5,12.5,30,0,5,1,24),(95,2,3,2,'',1,'2017-07-27 00:00:00',13.5,12.5,30,0,5,1,24),(96,2,3,2,'',1,'2017-07-27 00:00:00',13.5,12.5,30,0,5,1,24),(97,2,1,2,'',1,'2017-07-27 00:00:00',3,2,30,0,5,1,24),(98,2,1,2,'',1,'2017-07-27 00:00:00',3,2,30,0,5,1,24),(99,2,1,2,'',1,'2017-07-27 00:00:00',3,2,30,0,5,1,24),(100,2,3,2,'',1,'2017-07-27 00:00:00',13.5,12.5,30,0,5,1,24),(101,2,3,2,'',1,'2017-07-27 00:00:00',13.5,12.5,30,0,5,1,24),(102,2,3,2,'',1,'2017-07-27 00:00:00',13.5,12.5,30,0,5,1,24),(103,2,3,2,'',1,'2017-07-27 00:00:00',13.5,12.5,30,0,5,1,24),(104,2,3,2,'',1,'2017-07-27 00:00:00',13.5,12.5,30,0,5,1,24),(105,2,3,2,'',1,'2017-07-27 00:00:00',13.5,12.5,30,0,5,1,24),(106,2,3,2,'',1,'2017-07-27 00:00:00',13.5,12.5,30,0,5,1,24),(107,2,3,2,'',1,'2017-07-27 00:00:00',13.5,12.5,30,0,5,1,24),(108,2,3,2,'',1,'2017-07-27 00:00:00',13.5,12.5,30,0,5,1,24),(109,2,3,2,'',1,'2017-07-27 00:00:00',13.5,12.5,30,0,5,1,24),(110,2,3,2,'',1,'2017-07-27 00:00:00',13.5,12.5,30,0,5,1,24),(111,2,3,2,'',1,'2017-07-27 00:00:00',13.5,12.5,30,0,5,1,24),(112,2,3,2,'',1,'2017-07-27 00:00:00',13.5,12.5,30,0,5,1,24),(113,2,3,2,'',1,'2017-07-27 00:00:00',13.5,12.5,30,0,5,1,24),(114,2,3,2,'',1,'2017-07-27 00:00:00',13.5,12.5,30,0,5,1,24),(115,2,3,2,'',1,'2017-07-27 00:00:00',13.5,12.5,30,0,5,1,24),(116,2,1,2,'',1,'2017-07-27 00:00:00',3,2,30,0,5,2,24),(117,2,1,2,'',1,'2017-07-27 00:00:00',3,2,30,0,5,2,24),(118,2,1,2,'',1,'2017-07-27 00:00:00',3,2,30,0,5,2,24),(119,2,1,2,'',1,'2017-07-27 00:00:00',3,2,30,0,5,2,24),(120,2,3,2,'',1,'2017-07-27 00:00:00',13.5,12.5,30,0,5,1,24),(121,2,3,2,'',1,'2017-07-27 00:00:00',13.5,12.5,30,0,5,1,24),(122,2,3,2,'',1,'2017-07-27 00:00:00',13.5,12.5,30,0,5,1,24),(123,2,3,2,'',1,'2017-07-27 00:00:00',13.5,12.5,30,0,5,1,24),(124,2,3,2,'',1,'2017-07-27 00:00:00',13.5,12.5,30,0,5,1,24),(125,2,3,2,'',1,'2017-07-27 00:00:00',13.5,12.5,30,0,5,1,24),(126,2,3,2,'',1,'2017-07-27 00:00:00',13.5,12.5,30,0,5,1,24),(127,2,3,2,'',1,'2017-07-27 00:00:00',13.5,12.5,30,0,5,1,24),(128,2,3,2,'',1,'2017-07-27 00:00:00',13.5,12.5,30,0,5,1,24),(129,2,10,2,'',1,'2017-07-27 00:00:00',20,10,30,0,5,2,24),(130,2,10,2,'',1,'2017-07-27 00:00:00',20,10,30,0,5,2,24),(131,2,10,2,'',1,'2017-07-27 00:00:00',20,10,30,0,5,2,24),(132,2,1,2,'',1,'2017-07-27 00:00:00',3,2,30,0,5,2,24),(133,2,1,2,'',1,'2017-07-27 00:00:00',3,2,30,0,5,2,24),(134,2,10,2,'',1,'2017-07-27 00:00:00',20,10,30,0,5,2,24),(135,2,10,2,'',1,'2017-07-27 00:00:00',20,10,30,0,5,2,24),(136,2,10,2,'',1,'2017-07-27 00:00:00',20,10,30,0,5,2,24),(137,2,10,2,'',1,'2017-07-27 00:00:00',20,10,30,0,5,2,24),(138,2,10,2,'',1,'2017-07-27 00:00:00',20,10,30,0,5,2,24),(139,2,3,2,'',1,'2017-07-27 00:00:00',13.5,12.5,30,0,5,2,24),(140,2,5,2,'',1,'2017-07-27 00:00:00',10.8,10,30,0,5,2,24),(141,2,3,2,'',1,'2017-07-27 00:00:00',13.5,12.5,30,0,5,2,24),(142,2,3,2,'',1,'2017-07-27 00:00:00',13.5,12.5,30,0,5,2,24),(143,2,3,2,'',1,'2017-07-27 00:00:00',13.5,12.5,30,0,5,2,24),(144,2,10,2,'',1,'2017-07-27 00:00:00',20,10,30,0,5,2,24),(145,2,10,2,'',1,'2017-07-27 00:00:00',20,10,30,0,5,2,24),(146,2,10,2,'',1,'2017-07-27 00:00:00',20,10,30,0,5,2,24),(147,2,3,2,'',1,'2017-07-27 00:00:00',13.5,12.5,30,0,5,2,24),(148,2,10,2,'',1,'2017-07-27 00:00:00',20,10,30,0,5,2,24),(149,2,1,2,'',1,'2017-07-27 00:00:00',3,2,30,0,5,2,24),(150,2,1,2,'',1,'2017-07-27 00:00:00',3,2,30,0,5,1,24),(151,2,10,2,'',1,'2017-07-27 00:00:00',20,10,30,0,5,1,24),(152,2,3,2,'',1,'2017-07-27 00:00:00',13.5,12.5,30,0,5,1,24),(153,2,1,2,'',1,'2017-07-27 00:00:00',3,2,30,0,5,1,24),(154,2,10,2,'',1,'2017-07-27 00:00:00',20,10,30,0,5,1,24),(155,2,3,2,'',1,'2017-07-27 00:00:00',13.5,12.5,30,0,5,1,24),(156,2,10,2,'',1,'2017-07-27 00:00:00',20,10,30,0,5,1,24),(157,2,3,2,'',1,'2017-07-27 00:00:00',13.5,12.5,30,0,5,1,24),(158,2,1,2,'',1,'2017-07-27 00:00:00',3,2,30,0,5,1,24),(159,2,10,2,'',1,'2017-07-27 00:00:00',20,10,30,0,5,1,24),(160,2,10,2,'',1,'2017-07-27 00:00:00',20,10,30,0,5,1,24),(161,2,10,2,'',1,'2017-07-27 00:00:00',20,10,30,0,5,1,24),(162,2,10,2,'',1,'2017-07-27 00:00:00',20,10,30,0,5,1,24),(163,2,5,2,'',1,'2017-07-27 00:00:00',10.8,10,30,0,5,2,24),(164,2,5,2,'',1,'2017-07-27 00:00:00',10.8,10,30,0,5,2,24),(165,2,5,2,'',1,'2017-07-27 00:00:00',10.8,10,30,0,5,2,24),(166,2,10,2,'',1,'2017-07-27 00:00:00',20,10,30,0,5,1,24),(167,2,10,2,'',1,'2017-07-27 00:00:00',20,10,30,0,5,1,24),(168,2,10,2,'',1,'2017-07-27 00:00:00',20,10,30,0,5,1,24),(169,2,5,2,'',1,'2017-07-27 00:00:00',10.8,10,30,0,5,1,24),(170,2,1,2,'',1,'2017-07-27 00:00:00',3,2,30,0,5,3,24),(171,2,3,2,'',1,'2017-07-27 00:00:00',13.5,12.5,30,0,5,3,24),(172,2,1,2,'',1,'2017-07-27 00:00:00',3,2,30,0,5,3,24),(173,2,3,2,'',1,'2017-07-27 00:00:00',13.5,12.5,30,0,5,3,24),(174,2,1,2,'',1,'2017-07-28 00:00:00',0,2,30,0,8,1,-1),(175,2,1,2,'',1,'2017-07-28 00:00:00',0,2,30,0,6,1,-1),(176,2,1,2,'',1,'2017-07-28 00:00:00',0,2,30,0,9,1,-1),(177,2,1,2,'',1,'2017-07-28 00:00:00',0,2,30,0,7,1,-1),(178,2,1,2,'',1,'2017-07-28 00:00:00',3,2,30,0,5,1,24),(179,2,1,2,'',1,'2017-07-28 00:00:00',3,2,30,0,5,1,24),(180,2,1,2,'',1,'2017-07-28 00:00:00',3,2,30,0,5,1,24),(181,2,8,2,'',1,'2017-07-28 00:00:00',2.45,2,30,0,5,1,24),(182,2,8,2,'',1,'2017-07-28 00:00:00',2.45,2,30,0,5,1,24),(183,2,8,2,'',1,'2017-07-28 00:00:00',2.45,2,30,0,5,1,24),(184,2,8,2,'',1,'2017-07-28 00:00:00',2.45,2,30,0,5,1,24),(185,2,8,2,'',1,'2017-07-28 00:00:00',2.45,2,30,0,5,1,24),(186,2,8,2,'',1,'2017-07-28 00:00:00',2.45,2,30,0,5,1,24),(187,2,8,2,'',1,'2017-07-28 00:00:00',2.45,2,30,0,5,1,24),(188,2,8,2,'',1,'2017-07-28 00:00:00',2.45,2,30,0,5,1,24),(189,2,8,2,'',1,'2017-07-28 00:00:00',2.45,2,30,0,5,1,24),(190,2,8,2,'',1,'2017-07-28 00:00:00',2.45,2,30,0,5,1,24),(191,2,8,2,'',3,'2017-07-28 00:00:00',0,2,30,0,6,1,-1),(192,2,8,2,'',1,'2017-07-28 00:00:00',0,2,30,0,9,1,-1),(193,2,8,2,'',1,'2017-07-28 00:00:00',2.45,2,30,0,5,1,24),(194,2,8,2,'',1,'2017-07-28 00:00:00',2.45,2,30,0,5,1,24),(195,2,8,2,'',1,'2017-07-28 00:00:00',2.45,2,30,0,5,1,24),(196,2,8,2,'',1,'2017-07-28 00:00:00',2.45,2,30,0,5,2,24),(197,2,8,2,'',1,'2017-07-28 00:00:00',2.45,2,30,0,5,2,24),(198,2,8,2,'',1,'2017-07-28 00:00:00',2.45,2,30,0,5,2,24),(199,2,8,2,'',1,'2017-07-28 00:00:00',2.45,2,30,0,5,2,24),(200,2,8,2,'',1,'2017-07-28 00:00:00',2.45,2,30,0,5,2,24),(201,2,8,2,'',1,'2017-07-28 00:00:00',2.45,2,30,0,5,2,24),(202,2,8,2,'',1,'2017-07-28 00:00:00',2.45,2,30,0,5,2,24),(203,2,8,2,'',1,'2017-07-28 00:00:00',2.45,2,30,0,5,2,24),(204,2,1,2,'',1,'2017-07-28 00:00:00',3,2,30,0,5,2,24),(205,2,2,2,'',1,'2017-07-28 00:00:00',6.5,5.5,30,0,5,2,24),(206,2,3,2,'',1,'2017-07-28 00:00:00',13.5,12.5,30,0,5,2,24),(207,2,4,2,'',1,'2017-07-28 00:00:00',6,5.25,30,0,5,2,24),(208,2,5,2,'',1,'2017-07-28 00:00:00',10.8,10,30,0,5,2,24),(209,2,1,2,'',1,'2017-07-28 00:00:00',3,2,30,0,5,2,24),(210,2,2,2,'',1,'2017-07-28 00:00:00',6.5,5.5,30,0,5,2,24),(211,2,3,2,'',1,'2017-07-28 00:00:00',13.5,12.5,30,0,5,2,24),(212,2,3,2,'',1,'2017-07-28 00:00:00',13.5,12.5,30,0,5,2,24),(213,2,3,2,'',1,'2017-07-28 00:00:00',13.5,12.5,30,0,5,2,24),(214,2,3,2,'',1,'2017-07-28 00:00:00',13.5,12.5,30,0,5,2,24),(215,2,1,2,'',1,'2017-07-28 00:00:00',3,2,30,0,5,2,24),(216,2,1,2,'',1,'2017-07-28 00:00:00',3,2,30,0,5,2,24),(217,2,2,2,'',1,'2017-07-28 00:00:00',6.5,5.5,30,0,5,2,24),(218,2,1,2,'',1,'2017-07-28 00:00:00',3,2,30,0,5,2,24),(219,2,2,2,'',1,'2017-07-28 00:00:00',6.5,5.5,30,0,5,2,24),(220,2,4,2,'',1,'2017-07-28 00:00:00',6,5.25,30,0,5,2,24),(221,2,1,2,'',1,'2017-08-03 00:00:00',3,2,30,0,5,1,24),(222,2,2,2,'',1,'2017-08-03 00:00:00',6.5,5.5,30,0,5,1,24),(223,2,1,2,'',1,'2017-08-03 00:00:00',3,2,30,0,5,1,24),(224,2,2,2,'',1,'2017-08-03 00:00:00',6.5,5.5,30,0,5,1,24),(225,2,1,2,'',1,'2017-08-03 00:00:00',3,2,30,0,5,1,24),(226,2,1,2,'',1,'2017-08-03 00:00:00',3,2,30,0,5,1,24),(227,2,2,2,'',1,'2017-08-03 00:00:00',6.5,5.5,30,0,5,1,24),(228,2,1,2,'',1,'2017-08-03 00:00:00',3,2,30,0,5,1,24),(229,2,2,2,'',1,'2017-08-03 00:00:00',6.5,5.5,30,0,5,1,24),(230,2,3,2,'',1,'2017-08-03 00:00:00',13.5,12.5,30,0,5,1,24),(231,2,1,2,'',1,'2017-08-03 00:00:00',3,2,30,0,5,1,24),(232,2,1,2,'',1,'2017-08-03 00:00:00',3,2,30,0,5,1,24),(233,2,2,2,'',1,'2017-08-03 00:00:00',6.5,5.5,30,0,5,1,24),(234,2,3,2,'',1,'2017-08-03 00:00:00',13.5,12.5,30,0,5,1,24),(235,2,4,2,'',1,'2017-08-03 00:00:00',6,5.25,30,0,5,1,24),(236,2,1,2,'',1,'2017-08-03 00:00:00',3,2,30,0,5,1,24),(237,2,2,2,'',1,'2017-08-03 00:00:00',6.5,5.5,30,0,5,1,24),(238,2,1,2,'',1,'2017-08-03 00:00:00',3,2,30,0,5,1,24),(239,2,2,2,'',1,'2017-08-03 00:00:00',6.5,5.5,30,0,5,1,24),(240,2,3,2,'',1,'2017-08-03 00:00:00',13.5,12.5,30,0,5,1,24),(241,2,1,2,'',1,'2017-08-03 14:16:35',3,2,30,0,5,1,24),(242,2,1,2,'',1,'2017-08-03 14:18:26',3,2,30,0,5,1,24),(243,2,1,2,'',1,'2017-08-03 15:55:35',3,2,30,0,5,1,24),(244,2,1,2,'',1,'2017-08-03 15:56:10',3,2,30,0,5,1,24),(245,2,1,2,'',1,'2017-08-03 16:00:29',3,2,30,0,5,1,24),(246,2,1,2,'',1,'2017-08-03 16:00:51',3,2,30,0,5,1,24),(247,2,1,2,'',1,'2017-08-03 16:02:37',3,2,30,0,5,1,24),(248,2,1,2,'',1,'2017-08-03 16:03:14',3,2,30,0,5,1,24),(249,2,1,2,'',1,'2017-08-03 16:20:13',3,2,30,0,5,1,24),(250,2,2,2,'',1,'2017-08-03 16:20:13',6.5,5.5,30,0,5,1,24),(251,2,3,2,'',1,'2017-08-03 16:20:13',13.5,12.5,30,0,5,1,24),(252,2,1,2,'',1,'2017-08-03 16:23:30',3,2,30,0,5,1,24),(253,2,2,2,'',1,'2017-08-03 16:23:30',6.5,5.5,30,0,5,1,24),(254,2,1,2,'',1,'2017-08-03 16:42:37',3,2,30,0,5,1,2),(255,2,2,2,'',1,'2017-08-03 16:45:25',6.5,5.5,30,0,5,1,3),(256,2,3,2,'',1,'2017-08-03 16:46:40',13.5,12.5,30,0,5,1,4),(257,2,3,2,'',1,'2017-08-03 16:46:40',13.5,12.5,30,0,5,1,5),(258,2,3,2,'',1,'2017-08-03 16:46:40',13.5,12.5,30,0,5,1,6),(259,2,1,2,'',1,'2017-08-03 16:57:14',3,2,30,0,5,1,7),(260,2,2,2,'',1,'2017-08-03 16:57:14',6.5,5.5,30,0,5,1,7),(261,2,3,2,'',1,'2017-08-03 16:57:14',13.5,12.5,30,0,5,1,7),(262,2,1,2,'',1,'2017-08-03 17:09:39',3,2,30,0,5,1,8),(263,2,2,2,'',1,'2017-08-03 17:09:39',6.5,5.5,30,0,5,1,8),(264,2,3,2,'',1,'2017-08-03 17:09:39',13.5,12.5,30,0,5,1,8),(265,2,1,2,'',1,'2017-08-03 17:15:39',3,2,30,0,5,1,9),(266,2,2,2,'',1,'2017-08-03 17:15:39',6.5,5.5,30,0,5,1,9),(267,2,3,2,'',1,'2017-08-03 17:17:12',13.5,12.5,30,0,5,1,10),(268,2,3,2,'',1,'2017-08-03 17:17:12',13.5,12.5,30,0,5,1,10),(269,2,3,2,'',1,'2017-08-03 17:17:12',13.5,12.5,30,0,5,1,10),(270,2,1,2,'',1,'2017-08-03 17:22:06',3,2,30,0,5,1,11),(271,2,5,2,'',1,'2017-08-03 17:24:15',10.8,10,30,0,5,1,12),(272,2,5,2,'',1,'2017-08-03 17:24:15',10.8,10,30,0,5,1,12),(273,2,1,2,'',1,'2017-08-03 17:24:37',3,2,30,0,5,1,13),(274,2,5,2,'',1,'2017-08-03 17:24:38',10.8,10,30,0,5,1,13),(275,2,5,2,'',1,'2017-08-03 17:39:54',10.8,10,30,0,5,1,14),(276,2,5,2,'',1,'2017-08-03 17:39:54',10.8,10,30,0,5,1,14),(277,2,5,2,'',1,'2017-08-03 17:39:54',10.8,10,30,0,5,1,14),(278,2,2,2,'',1,'2017-08-03 17:59:58',6.5,5.5,30,0,5,1,15),(279,2,4,2,'',1,'2017-08-03 17:59:58',6,5.25,30,0,5,1,15),(280,2,1,2,'',1,'2017-08-03 18:02:25',3,2,30,0,5,1,16),(281,2,3,2,'',1,'2017-08-03 18:02:25',13.5,12.5,30,0,5,1,16),(282,2,5,2,'',1,'2017-08-03 18:02:25',10.8,10,30,0,5,1,16),(283,2,1,2,'',1,'2017-08-03 21:14:38',3,2,30,0,5,1,17),(284,2,2,2,'',1,'2017-08-03 21:14:39',6.5,5.5,30,0,5,1,17),(285,2,3,2,'',1,'2017-08-03 21:14:39',13.5,12.5,30,0,5,1,17),(286,2,1,2,'',1,'2017-08-03 21:30:38',3,2,30,0,5,2,18),(287,2,5,2,'',1,'2017-08-03 21:30:38',10.8,10,30,0,5,2,18),(288,2,5,2,'',1,'2017-08-03 21:30:48',10.8,10,30,0,5,2,19),(289,2,5,2,'',1,'2017-08-03 21:30:48',10.8,10,30,0,5,2,19),(290,2,2,2,'',1,'2017-08-03 21:30:56',6.5,5.5,30,0,5,2,20),(291,2,2,2,'',1,'2017-08-03 21:30:56',6.5,5.5,30,0,5,2,20),(292,2,3,2,'',1,'2017-08-03 21:31:05',13.5,12.5,30,0,5,2,21),(293,2,3,2,'',1,'2017-08-03 21:31:05',13.5,12.5,30,0,5,2,21),(294,2,3,2,'',1,'2017-08-03 21:31:05',13.5,12.5,30,0,5,2,21),(295,2,2,1,'',1,'2017-08-03 00:00:00',6.5,5.5,30,0,4,2,-1),(296,2,5,1,'',1,'2017-08-03 00:00:00',10.8,10,30,0,4,2,-1),(297,2,4,1,'',1,'2017-08-03 00:00:00',6,5.25,30,0,4,1,-1),(298,2,1,1,'',1,'2017-08-03 00:00:00',3,2,30,0,4,1,-1),(299,2,5,2,'',1,'2017-08-04 10:33:06',10.8,10,30,0,5,1,22),(300,2,1,2,'',1,'2017-08-09 11:47:12',3,2,30,0,5,1,23),(301,2,1,2,'',1,'2017-08-09 11:47:12',3,2,30,0,5,1,23),(302,2,1,2,'',1,'2017-08-09 11:47:12',3,2,30,0,5,1,23),(303,2,1,2,'',1,'2017-08-09 11:47:12',3,2,30,0,5,1,23),(304,2,3,2,'',1,'2017-08-09 13:47:14',13.5,12.5,30,0,5,1,25),(305,2,3,2,'',1,'2017-08-09 13:47:14',13.5,12.5,30,0,5,1,25),(306,2,3,2,'',1,'2017-08-09 13:47:14',13.5,12.5,30,0,5,1,25),(307,2,1,2,'',1,'2017-08-09 17:04:47',3,2,30,0,5,1,26),(308,2,2,2,'',1,'2017-08-09 17:04:47',6.5,5.5,30,0,5,1,26),(309,2,1,2,'',1,'2017-08-11 16:04:12',3,2,30,0,5,1,27),(310,2,2,2,'',1,'2017-08-11 16:04:12',6.5,5.5,30,0,5,1,27),(311,2,3,2,'',1,'2017-08-11 16:04:12',13.5,12.5,30,0,5,1,27),(312,2,4,2,'',1,'2017-08-11 16:04:12',6,5.25,30,0,5,1,27),(313,2,5,2,'',1,'2017-08-11 16:04:12',10.8,10,30,0,5,1,27),(314,2,1,2,'',1,'2017-08-11 16:05:49',3,2,30,0,5,1,28),(315,2,1,2,'',1,'2017-08-11 16:07:47',3,2,30,0,5,1,29),(316,2,2,2,'',1,'2017-08-11 16:11:20',6.5,5.5,30,0,5,1,30),(317,2,2,2,'',1,'2017-08-11 16:13:05',6.5,5.5,30,0,5,1,31),(318,2,1,2,'',1,'2017-08-11 16:16:20',3,2,30,0,5,1,32),(319,2,2,2,'',1,'2017-08-11 16:16:20',6.5,5.5,30,0,5,1,32),(320,2,1,2,'',1,'2017-08-11 16:25:19',3,2,30,0,5,1,33),(321,2,5,2,'',1,'2017-08-11 16:31:12',10.8,10,30,0,5,1,34),(322,2,4,2,'',1,'2017-08-11 16:31:12',6,5.25,30,0,5,1,34),(323,2,3,2,'',1,'2017-08-11 16:46:06',13.5,12.5,30,0,5,1,35),(324,2,5,2,'',1,'2017-08-11 16:46:06',10.8,10,30,0,5,1,35),(325,2,1,2,'',1,'2017-08-11 16:46:06',3,2,30,0,5,1,35),(326,2,1,2,'',1,'2017-08-11 16:51:18',3,2,30,0,5,1,36),(327,2,1,2,'',1,'2017-08-11 16:51:18',3,2,30,0,5,1,36),(328,2,2,2,'',1,'2017-08-11 16:56:33',6.5,5.5,30,0,5,1,37),(329,2,2,2,'',1,'2017-08-11 16:56:33',6.5,5.5,30,0,5,1,37),(330,2,2,2,'',1,'2017-08-11 16:59:24',6.5,5.5,30,0,5,1,38),(331,2,4,2,'',1,'2017-08-11 16:59:24',6,5.25,30,0,5,1,38),(332,2,1,2,'',1,'2017-08-11 17:04:08',3,2,30,0,5,1,39),(333,2,3,2,'',1,'2017-08-11 17:04:08',13.5,12.5,30,0,5,1,39),(334,2,5,2,'',1,'2017-08-11 17:37:49',10.8,10,30,0,5,1,40),(335,2,1,2,'',1,'2017-08-11 17:50:27',3,2,30,0,5,1,41),(336,2,2,2,'',1,'2017-08-11 17:50:27',6.5,5.5,30,0,5,1,41),(337,2,1,1,'',1,'2017-08-11 00:00:00',3,2,30,0,4,1,-1),(338,2,3,1,'',1,'2017-08-11 00:00:00',13.5,12.5,30,0,4,1,-1),(339,2,1,2,'',1,'2017-08-11 19:04:08',3,2,30,0,5,1,42),(340,2,2,2,'',1,'2017-08-11 19:04:09',6.5,5.5,30,0,5,1,42),(341,2,3,2,'',1,'2017-08-11 19:04:09',13.5,12.5,30,0,5,1,42),(342,2,4,2,'',1,'2017-08-11 19:04:09',6,5.25,30,0,5,1,42),(343,2,5,2,'',1,'2017-08-11 19:04:09',10.8,10,30,0,5,1,42),(344,2,1,2,'',1,'2017-08-11 19:19:45',3,2,30,0,5,1,43),(345,2,2,2,'',1,'2017-08-11 19:19:45',6.5,5.5,30,0,5,1,43),(346,2,3,2,'',1,'2017-08-11 19:19:45',13.5,12.5,30,0,5,1,43),(347,2,5,2,'',1,'2017-08-11 19:25:31',10.8,10,30,0,5,1,44),(348,2,5,2,'',1,'2017-08-11 19:25:32',10.8,10,30,0,5,1,44),(349,2,4,2,'',1,'2017-08-11 19:25:32',6,5.25,30,0,5,1,44),(350,2,4,2,'',1,'2017-08-11 19:25:32',6,5.25,30,0,5,1,44),(351,2,1,2,'',1,'2017-08-11 19:28:22',3,2,30,0,5,1,45),(352,2,2,2,'',1,'2017-08-11 19:28:22',6.5,5.5,30,0,5,1,45),(353,2,3,2,'',1,'2017-08-11 19:28:22',13.5,12.5,30,0,5,1,45),(354,2,1,2,'',1,'2017-08-11 20:09:12',3,2,30,0,5,2,46),(355,2,2,2,'',1,'2017-08-11 20:09:59',6.5,5.5,30,0,5,2,47),(356,2,3,2,'',1,'2017-08-11 20:10:39',13.5,12.5,30,0,5,2,48),(357,2,1,2,'',1,'2017-08-11 20:19:39',3,2,30,0,5,2,49),(358,2,1,2,'',1,'2017-08-11 20:23:28',3,2,30,0,5,1,50),(359,2,2,2,'',1,'2017-08-11 20:24:31',6.5,5.5,30,0,5,1,51),(360,2,3,2,'',1,'2017-08-11 20:24:31',13.5,12.5,30,0,5,1,51),(361,2,1,2,'',1,'2017-08-11 20:24:31',3,2,30,0,5,1,51),(362,2,4,2,'',1,'2017-08-11 20:25:40',6,5.25,30,0,5,1,52),(363,2,5,2,'',1,'2017-08-11 20:25:40',10.8,10,30,0,5,1,52),(364,2,1,2,'',1,'2017-08-14 14:52:28',3,2,30,0,5,1,53),(365,2,2,2,'',1,'2017-08-14 14:52:28',6.5,5.5,30,0,5,1,53),(366,2,1,2,'',1,'2017-08-14 18:10:42',3,2,30,0,5,1,54),(367,2,2,2,'',1,'2017-08-14 18:10:42',6.5,5.5,30,0,5,1,54),(368,2,3,2,'',1,'2017-08-14 18:10:42',13.5,12.5,30,0,5,1,54),(373,1,1,1,'',100,'2017-08-16 12:43:20',3,2,37,1,3,1,-1),(374,1,2,1,'',200,'2017-08-16 12:45:08',6.5,5.5,37,1,3,1,-1),(375,1,3,1,'',300,'2017-08-16 12:45:20',13.5,12.5,37,1,3,1,-1),(376,1,4,1,'',400,'2017-08-16 12:45:33',6,5.25,37,1,3,1,-1),(377,1,5,1,'',500,'2017-08-16 12:45:41',10.8,10,37,1,3,1,-1),(378,1,1,2,'',10,'2017-08-16 14:56:58',0,2,37,0,8,1,-1),(379,1,2,2,'',2,'2017-08-16 15:01:18',0,5.5,37,0,8,1,-1),(380,1,3,2,'',3,'2017-08-16 15:02:33',0,12.5,37,0,6,1,-1),(381,1,4,2,'',4,'2017-08-16 15:03:01',0,5.25,37,0,9,1,-1),(382,1,5,2,'',5,'2017-08-16 15:03:17',0,10,37,0,8,1,-1),(390,1,1,2,'',1,'2017-08-16 21:26:40',3,2,37,0,5,1,55),(391,1,2,2,'',1,'2017-08-16 21:30:08',6.5,5.5,37,0,5,1,56),(392,1,2,2,'',1,'2017-08-16 21:30:08',6.5,5.5,37,0,5,1,56),(393,1,2,2,'',1,'2017-08-16 21:32:05',6.5,5.5,37,0,5,1,57),(394,1,2,2,'',1,'2017-08-16 21:32:05',6.5,5.5,37,0,5,1,57),(395,1,3,2,'',1,'2017-08-16 21:35:43',13.5,12.5,37,0,5,1,58),(396,1,3,2,'',1,'2017-08-16 21:35:43',13.5,12.5,37,0,5,1,58),(397,1,3,2,'',1,'2017-08-16 21:35:43',13.5,12.5,37,0,5,1,58),(398,1,4,2,'',1,'2017-08-16 21:51:27',6,5.25,37,0,5,1,59),(399,1,4,2,'',1,'2017-08-16 21:51:27',6,5.25,37,0,5,1,59),(400,1,4,2,'',1,'2017-08-16 21:51:27',6,5.25,37,0,5,1,59),(401,1,5,2,'',1,'2017-08-16 21:57:52',10.8,10,37,0,5,1,60),(402,1,5,2,'',1,'2017-08-16 21:57:52',10.8,10,37,0,5,1,60),(403,1,5,2,'',1,'2017-08-16 21:57:52',10.8,10,37,0,5,1,60),(404,1,5,2,'',1,'2017-08-16 21:57:52',10.8,10,37,0,5,1,60),(405,1,5,2,'',3456,'2017-08-16 21:57:52',10.8,10,37,0,5,1,60),(406,1,5,1,'',100,'2017-08-16 22:00:00',10.8,10,37,0,4,1,-1),(409,3,1,1,'',100,'2017-08-21 12:17:13',3,2,57,1,3,1,-1),(410,3,2,1,'',200,'2017-08-21 12:17:26',6.5,5.5,57,1,3,1,-1),(411,3,3,1,'',300,'2017-08-21 12:17:37',13.5,12.5,57,1,3,1,-1),(412,3,4,1,'',400,'2017-08-21 12:17:45',6,5.25,57,1,3,1,-1),(413,3,5,1,'',500,'2017-08-21 12:17:56',10.8,10,57,1,3,1,-1),(414,3,1,2,'',1,'2017-08-21 15:44:56',3,2,57,0,5,1,61),(415,3,1,2,'',1,'2017-08-21 15:44:56',3,2,57,0,5,1,61),(416,3,1,2,'',1,'2017-08-21 15:44:56',3,2,57,0,5,1,61),(417,3,1,2,'',1,'2017-08-21 15:44:56',3,2,57,0,5,1,61),(418,3,1,2,'',1,'2017-08-21 15:44:56',3,2,57,0,5,1,61),(419,3,1,2,'',1,'2017-08-21 15:44:56',3,2,57,0,5,1,61),(420,3,1,2,'',1,'2017-08-21 15:44:56',3,2,57,0,5,1,61),(421,3,1,2,'',1,'2017-08-21 15:44:56',3,2,57,0,5,1,61),(422,3,1,2,'',1,'2017-08-21 15:44:56',3,2,57,0,5,1,61),(423,3,1,2,'',1,'2017-08-21 15:44:56',3,2,57,0,5,1,61),(424,3,2,2,'',1,'2017-08-21 15:47:27',6.5,5.5,57,0,5,1,62),(425,3,2,2,'',1,'2017-08-21 15:47:27',6.5,5.5,57,0,5,1,62),(426,3,2,2,'',1,'2017-08-21 15:47:27',6.5,5.5,57,0,5,1,62),(427,3,2,2,'',1,'2017-08-21 15:47:27',6.5,5.5,57,0,5,1,62),(428,3,2,2,'',1,'2017-08-21 15:47:27',6.5,5.5,57,0,5,1,62),(429,3,3,2,'',1,'2017-08-21 15:48:18',13.5,12.5,57,0,5,1,63),(430,3,3,2,'',1,'2017-08-21 15:48:18',13.5,12.5,57,0,5,1,63),(431,3,3,2,'',1,'2017-08-21 15:48:18',13.5,12.5,57,0,5,1,63),(432,3,3,2,'',1,'2017-08-21 15:48:18',13.5,12.5,57,0,5,1,63),(433,3,3,2,'',1,'2017-08-21 15:48:18',13.5,12.5,57,0,5,1,63),(434,3,3,2,'',1,'2017-08-21 15:48:18',13.5,12.5,57,0,5,1,63),(435,3,3,2,'',1,'2017-08-21 15:48:18',13.5,12.5,57,0,5,1,63),(436,3,3,2,'',1,'2017-08-21 15:48:18',13.5,12.5,57,0,5,1,63),(437,3,4,2,'',1,'2017-08-21 15:50:19',6,5.25,57,0,5,1,64),(438,3,4,2,'',1,'2017-08-21 15:50:19',6,5.25,57,0,5,1,64),(439,3,4,2,'',1,'2017-08-21 15:50:19',6,5.25,57,0,5,1,64),(440,3,4,2,'',1,'2017-08-21 15:50:19',6,5.25,57,0,5,1,64),(441,3,4,2,'',1,'2017-08-21 15:50:19',6,5.25,57,0,5,1,64),(442,3,4,2,'',1,'2017-08-21 15:50:19',6,5.25,57,0,5,1,64),(443,3,4,2,'',1,'2017-08-21 15:50:19',6,5.25,57,0,5,1,64),(444,3,5,2,'',1,'2017-08-21 15:51:16',10.8,10,57,0,5,1,65),(445,3,5,2,'',1,'2017-08-21 15:51:16',10.8,10,57,0,5,1,65),(446,3,5,2,'',1,'2017-08-21 15:51:16',10.8,10,57,0,5,1,65),(447,3,5,2,'',1,'2017-08-21 15:51:16',10.8,10,57,0,5,1,65),(448,3,5,2,'',1,'2017-08-21 15:51:16',10.8,10,57,0,5,1,65),(449,3,5,2,'',1,'2017-08-21 15:51:16',10.8,10,57,0,5,1,65),(450,3,1,1,'',1,'2017-08-21 15:52:10',3,2,57,0,4,1,-1),(451,3,2,1,'',1,'2017-08-21 15:52:18',6.5,5.5,57,0,4,1,-1),(452,3,3,1,'',1,'2017-08-21 15:52:26',13.5,12.5,57,0,4,1,-1),(453,3,4,1,'',1,'2017-08-21 15:52:34',6,5.25,57,0,4,1,-1),(454,3,5,1,'',1,'2017-08-21 15:52:42',10.8,10,57,0,4,1,-1),(455,3,1,2,'',1,'2017-08-21 15:57:33',0,2,57,0,8,1,-1),(456,3,2,2,'',1,'2017-08-21 15:57:41',0,5.5,57,0,6,1,-1),(457,3,3,2,'',1,'2017-08-21 15:57:48',0,12.5,57,0,9,1,-1),(458,3,4,2,'',1,'2017-08-21 15:58:54',6,5.25,57,0,7,1,-1),(459,3,5,2,'',1,'2017-08-21 15:59:01',0,10,57,0,8,1,-1),(460,3,1,2,'',1,'2017-08-21 16:00:00',0,2,57,0,8,1,-1),(461,3,2,2,'',1,'2017-08-21 16:00:04',0,5.5,57,0,8,1,-1),(462,3,3,2,'',1,'2017-08-21 16:00:09',0,12.5,57,0,8,1,-1),(463,3,4,2,'',1,'2017-08-21 16:00:13',0,5.25,57,0,8,1,-1),(464,3,5,2,'',1,'2017-08-21 16:00:17',0,10,57,0,8,1,-1),(465,3,1,2,'',1,'2017-08-21 16:00:27',0,2,57,0,9,1,-1),(466,3,2,2,'',1,'2017-08-21 16:00:37',0,5.5,57,0,9,1,-1),(467,3,3,2,'',1,'2017-08-21 16:00:47',0,12.5,57,0,9,1,-1),(468,3,5,2,'',1,'2017-08-21 16:01:01',0,10,57,0,9,1,-1),(469,3,1,1,'',50,'2017-08-21 16:32:55',3,2,57,0,3,1,-1),(470,3,2,1,'',50,'2017-08-21 16:33:02',6.5,5.5,57,0,3,1,-1),(471,3,3,1,'',50,'2017-08-21 16:33:12',13.5,12.5,57,0,3,1,-1),(472,3,4,1,'',50,'2017-08-21 16:33:25',6,5.25,57,0,3,1,-1),(473,3,5,1,'',50,'2017-08-21 16:33:34',10.8,10,57,0,3,1,-1),(474,3,1,2,'',10,'2017-08-21 16:35:22',0,2,57,0,9,1,-1),(475,3,2,2,'',20,'2017-08-21 16:35:35',0,5.5,57,0,9,1,-1),(476,3,3,2,'',30,'2017-08-21 16:35:40',0,12.5,57,0,9,1,-1),(477,3,4,2,'',40,'2017-08-21 16:35:47',0,5.25,57,0,9,1,-1),(478,3,5,2,'',50,'2017-08-21 16:35:53',0,10,57,0,9,1,-1),(479,3,1,2,'',1,'2017-08-21 16:43:43',3,2,57,0,5,1,66),(480,3,2,2,'',1,'2017-08-21 16:44:22',6.5,5.5,57,0,5,1,67),(481,3,2,2,'',1,'2017-08-21 16:44:22',6.5,5.5,57,0,5,1,67),(482,3,3,2,'',1,'2017-08-21 16:44:37',13.5,12.5,57,0,5,1,68),(483,3,3,2,'',1,'2017-08-21 16:44:37',13.5,12.5,57,0,5,1,68),(484,3,3,2,'',1,'2017-08-21 16:44:37',13.5,12.5,57,0,5,1,68),(485,3,4,2,'',1,'2017-08-21 16:45:00',6,5.25,57,0,5,1,69),(486,3,4,2,'',1,'2017-08-21 16:45:00',6,5.25,57,0,5,1,69),(487,3,4,2,'',1,'2017-08-21 16:45:00',6,5.25,57,0,5,1,69),(488,3,4,2,'',1,'2017-08-21 16:45:00',6,5.25,57,0,5,1,69),(489,3,5,2,'',1,'2017-08-21 16:45:21',10.8,10,57,0,5,1,70),(490,3,5,2,'',1,'2017-08-21 16:45:21',10.8,10,57,0,5,1,70),(491,3,5,2,'',1,'2017-08-21 16:45:21',10.8,10,57,0,5,1,70),(492,3,5,2,'',1,'2017-08-21 16:45:21',10.8,10,57,0,5,1,70),(493,3,5,2,'',1,'2017-08-21 16:45:21',10.8,10,57,0,5,1,70),(494,3,1,1,'',10,'2017-08-23 16:28:52',3,2,58,1,3,1,-1),(495,3,2,1,'',20,'2017-08-23 16:29:00',6.5,5.5,58,1,3,1,-1),(496,3,3,1,'',30,'2017-08-23 16:29:09',13.5,12.5,58,1,3,1,-1),(497,3,4,1,'',40,'2017-08-23 16:29:18',6,5.25,58,1,3,1,-1),(498,3,5,1,'',50,'2017-08-23 16:29:27',10.8,10,58,1,3,1,-1),(499,3,1,1,'',1,'2017-08-23 16:30:30',3,2,58,0,4,1,-1),(500,3,3,1,'',1,'2017-08-23 16:30:45',13.5,12.5,58,0,4,1,-1),(501,3,5,1,'',1,'2017-08-23 16:31:33',10.8,10,58,0,4,1,-1),(502,3,2,2,'',1,'2017-08-23 16:31:46',0,5.5,58,0,8,1,-1),(503,3,4,2,'',1,'2017-08-23 16:31:52',0,5.25,58,0,8,1,-1),(504,3,1,2,'',1,'2017-08-23 16:32:10',3,2,58,0,5,1,71),(505,2,1,2,'',1,'2017-08-29 15:38:32',3,2,30,0,5,1,72),(506,2,2,2,'',1,'2017-08-29 15:38:32',6.5,5.5,30,0,5,1,72),(507,2,3,2,'',1,'2017-08-29 15:38:32',13.5,12.5,30,0,5,1,72),(508,2,1,2,'',1,'2017-08-29 15:45:23',3,2,30,0,5,1,73),(509,2,2,2,'',1,'2017-08-29 15:45:23',6.5,5.5,30,0,5,1,73),(510,2,3,2,'',1,'2017-08-29 15:45:23',13.5,12.5,30,0,5,1,73),(511,2,1,2,'',1,'2017-08-29 15:55:04',3,2,30,0,5,1,74),(512,2,2,2,'',2,'2017-08-29 15:55:04',6.5,5.5,30,0,5,1,74),(513,2,3,2,'',3,'2017-08-29 15:55:04',13.5,12.5,30,0,5,1,74),(514,2,1,2,'',1,'2017-08-29 16:17:25',3,2,30,0,5,1,75),(515,2,2,2,'',2,'2017-08-29 16:17:25',6.5,5.5,30,0,5,1,75),(516,2,3,2,'',3,'2017-08-29 16:17:25',13.5,12.5,30,0,5,1,75),(517,2,7,2,'',1,'2017-08-29 16:33:59',17.25,0,30,0,5,1,76),(518,2,9,2,'',2,'2017-08-29 16:33:59',10.5,10,30,0,5,1,76),(519,2,11,2,'',3,'2017-08-29 16:33:59',20,10,30,0,5,1,76),(520,2,10,2,'',10,'2017-08-29 17:14:36',20,10,30,0,5,1,77),(521,2,11,2,'',11,'2017-08-29 17:14:36',20,10,30,0,5,1,77),(522,2,12,2,'',12,'2017-08-29 17:14:36',20,10,30,0,5,1,77),(523,2,1,2,'',1,'2017-08-30 16:04:17',3,2,30,0,5,1,78),(524,2,2,2,'',1,'2017-08-30 16:04:17',6.5,5.5,30,0,5,1,78),(525,2,3,2,'',5,'2017-08-30 16:04:17',13.5,12.5,30,0,5,1,78),(526,2,1,2,'',1,'2017-08-31 11:11:43',3,2,30,0,5,1,79),(527,2,2,2,'',1,'2017-08-31 11:11:43',6.5,5.5,30,0,5,1,79),(528,2,3,2,'',7,'2017-08-31 11:11:43',13.5,12.5,30,0,5,1,79),(529,2,5,2,'',5,'2017-08-31 12:53:03',10.8,10,30,0,5,1,80),(530,2,7,2,'',7,'2017-08-31 12:53:03',17.25,0,30,0,5,1,80),(531,2,9,2,'',9,'2017-08-31 12:53:03',10.5,10,30,0,5,1,80),(532,2,1,2,'',1,'2017-08-31 13:00:08',3,2,30,0,5,1,81),(533,2,3,2,'',3,'2017-08-31 13:00:08',13.5,12.5,30,0,5,1,81),(534,2,5,2,'',5,'2017-08-31 13:00:08',10.8,10,30,0,5,1,81),(535,2,10,2,'',1,'2017-08-31 13:12:56',20,10,30,0,5,1,82),(536,2,12,2,'',1,'2017-08-31 13:12:56',20,10,30,0,5,1,82),(537,2,14,2,'',3,'2017-08-31 13:12:56',15,12,30,0,5,1,82),(538,2,12,2,'',1,'2017-08-31 13:14:51',20,10,30,0,5,1,83),(539,2,16,2,'',1,'2017-08-31 13:14:51',16,12,30,0,5,1,83),(540,2,14,2,'',1,'2017-08-31 13:14:51',15,12,30,0,5,1,83),(541,2,1,2,'',10,'2017-08-31 13:18:58',3,2,30,0,5,1,84),(542,2,2,2,'',99,'2017-08-31 13:18:58',6.5,5.5,30,0,5,1,84),(543,2,3,2,'',99,'2017-08-31 13:18:58',13.5,12.5,30,0,5,1,84),(544,2,1,2,'',99,'2017-08-31 14:07:29',3,2,30,0,5,1,85),(545,2,2,2,'',99,'2017-08-31 14:11:56',6.5,5.5,30,0,5,1,86),(546,2,4,2,'',4,'2017-08-31 14:18:27',6,5.25,30,0,5,1,87),(547,2,8,2,'',8,'2017-08-31 14:18:27',2.45,2,30,0,5,1,87),(548,2,12,2,'',12,'2017-08-31 14:18:27',20,10,30,0,5,1,87),(549,2,1,2,'',1,'2017-09-01 14:36:46',3,2,30,0,5,1,88),(550,2,3,2,'',1,'2017-09-01 14:36:46',13.5,12.5,30,0,5,1,88),(551,2,5,2,'',1,'2017-09-01 14:36:46',10.8,10,30,0,5,1,88),(552,2,7,2,'',4,'2017-09-01 14:36:46',17.25,0,30,0,5,1,88),(553,2,10,2,'',10,'2017-09-01 14:39:11',20,10,30,0,5,1,89),(554,2,20,2,'',20,'2017-09-01 14:39:11',28,24,30,0,5,1,89),(555,2,33,2,'',30,'2017-09-01 14:39:11',45,25,30,0,5,1,89),(556,3,1,2,'',1,'2017-09-04 16:09:41',3,2,58,0,5,1,90),(557,3,2,2,'',2,'2017-09-04 16:09:41',6.5,5.5,58,0,5,1,90),(558,3,3,2,'',3,'2017-09-04 16:09:41',13.5,12.5,58,0,5,1,90),(559,3,4,2,'',4,'2017-09-04 16:09:41',6,5.25,58,0,5,1,90),(560,3,5,2,'',5,'2017-09-04 16:09:41',10.8,10,58,0,5,1,90),(561,3,1,1,'',100,'2017-09-06 17:37:34',3,2,59,1,3,1,-1),(562,3,2,1,'',200,'2017-09-06 17:37:54',6.5,5.5,59,1,3,1,-1),(563,3,3,1,'',300,'2017-09-06 17:38:04',13.5,12.5,59,1,3,1,-1),(564,3,1,1,'',10,'2017-09-06 17:40:19',3,2,59,0,3,1,-1),(565,3,2,1,'',20,'2017-09-06 17:40:34',6.5,5.5,59,0,3,1,-1),(566,3,3,1,'',30,'2017-09-06 17:40:42',13.5,12.5,59,0,3,1,-1),(567,3,1,2,'',1,'2017-09-06 17:42:05',3,2,59,0,5,1,91),(568,3,2,2,'',1,'2017-09-06 17:42:05',6.5,5.5,59,0,5,1,91),(569,3,3,2,'',1,'2017-09-06 17:42:05',13.5,12.5,59,0,5,1,91),(570,3,1,2,'',2,'2017-09-06 17:43:13',3,2,59,0,5,1,92),(571,3,2,2,'',2,'2017-09-06 17:43:13',6.5,5.5,59,0,5,1,92),(572,3,3,2,'',2,'2017-09-06 17:43:13',13.5,12.5,59,0,5,1,92),(573,3,1,2,'',3,'2017-09-06 17:44:27',3,2,59,0,5,1,93),(574,3,2,2,'',3,'2017-09-06 17:44:27',6.5,5.5,59,0,5,1,93),(575,3,3,2,'',3,'2017-09-06 17:44:27',13.5,12.5,59,0,5,1,93),(576,3,1,1,'',1,'2017-09-06 17:49:20',3,2,59,0,4,1,-1),(577,3,2,1,'',1,'2017-09-06 17:49:28',6.5,5.5,59,0,4,1,-1),(578,3,3,1,'',1,'2017-09-06 17:49:37',13.5,12.5,59,0,4,1,-1),(579,3,1,2,'',1,'2017-09-06 18:08:59',3,2,59,0,5,2,94),(580,3,2,2,'',1,'2017-09-06 18:08:59',6.5,5.5,59,0,5,2,94),(581,3,3,2,'',1,'2017-09-06 18:08:59',13.5,12.5,59,0,5,2,94),(582,3,1,2,'',1,'2017-09-06 18:09:19',3,2,59,0,5,2,95),(583,3,2,2,'',1,'2017-09-06 18:09:24',6.5,5.5,59,0,5,2,96),(584,3,3,2,'',1,'2017-09-06 18:09:35',13.5,12.5,59,0,5,2,97),(585,3,3,1,'',1,'2017-09-06 18:34:11',13.5,12.5,59,0,4,2,-1),(587,21,1,1,'',100,'2017-09-08 13:01:48',3,2,62,1,3,1,-1),(588,21,2,1,'',200,'2017-09-08 13:02:00',6.5,5.5,62,1,3,1,-1),(589,21,3,1,'',3,'2017-09-08 13:02:57',13.5,12.5,62,1,3,1,-1),(590,21,1,1,'',100,'2017-09-08 13:05:32',3,2,63,1,3,1,-1),(591,21,2,1,'',200,'2017-09-08 13:05:49',6.5,5.5,63,1,3,1,-1),(592,21,3,1,'',300,'2017-09-08 13:05:59',13.5,12.5,63,1,3,1,-1),(593,21,4,1,'',400,'2017-09-08 13:08:25',6,5.25,63,1,3,1,-1),(594,21,1,2,'',10,'2017-09-08 13:21:05',0,2,63,0,8,1,-1),(595,21,2,2,'',200,'2017-09-08 13:21:38',0,5.5,63,0,8,1,-1),(596,25,5,1,'',500,'2017-09-08 13:25:37',10.8,10,64,1,3,1,-1),(597,25,7,1,'',700,'2017-09-08 13:25:48',17.25,0,64,1,3,1,-1),(598,25,9,1,'',900,'2017-09-08 13:26:03',10.5,10,64,1,3,1,-1),(599,25,5,2,'',1,'2017-09-08 13:26:14',10.8,10,64,0,5,1,98),(600,25,7,2,'',1,'2017-09-08 13:26:22',17.25,0,64,0,5,1,99),(601,25,9,2,'',1,'2017-09-08 13:26:27',10.5,10,64,0,5,1,100),(602,25,1,1,'',1000,'2017-09-08 16:54:50',3,2,64,1,3,1,-1),(603,25,2,1,'',2000,'2017-09-08 16:55:02',6.5,5.5,64,1,3,1,-1),(604,25,3,1,'',3000,'2017-09-08 16:55:13',13.5,12.5,64,1,3,1,-1),(605,25,1,1,'',10,'2017-09-08 18:27:44',3,2,64,0,3,1,-1),(606,25,2,1,'',20,'2017-09-08 18:27:53',6.5,5.5,64,0,3,1,-1),(607,25,3,1,'',30,'2017-09-08 18:28:02',13.5,12.5,64,0,3,1,-1),(608,25,10,1,'',10,'2017-09-08 18:28:51',20,10,64,0,3,1,-1),(609,25,11,1,'',11,'2017-09-08 18:29:01',20,10,64,0,3,1,-1),(610,25,20,2,'',1,'2017-09-08 18:31:25',28,24,64,0,5,1,101),(611,25,21,2,'',1,'2017-09-08 18:31:25',5,4,64,0,5,1,101),(612,25,23,2,'',1,'2017-09-08 18:31:25',15,10.5,64,0,5,1,101),(613,25,24,2,'',1,'2017-09-08 18:32:03',0,10.25,64,0,8,1,-1),(614,19,1,1,'',100,'2017-09-08 18:47:34',3,2,60,0,3,1,-1),(615,19,2,1,'',200,'2017-09-08 18:48:00',6.5,5.5,60,0,3,1,-1),(616,19,1,2,'',1,'2017-09-08 18:48:40',3,2,60,0,5,1,102),(617,19,10,2,'',1,'2017-09-08 18:48:49',20,10,60,0,5,1,103),(618,19,1,2,'',1,'2017-09-08 18:51:17',0,2,60,0,8,1,-1),(619,19,2,2,'',1,'2017-09-08 18:51:23',0,5.5,60,0,8,1,-1),(620,19,3,2,'',1,'2017-09-08 18:51:42',0,12.5,60,0,8,1,-1),(621,2,1,1,'',1,'2017-09-11 15:46:31',3,2,30,0,3,1,-1),(622,2,1,2,'',1,'2017-09-11 16:22:09',3,2,30,0,5,1,104),(623,2,3,2,'',3,'2017-09-11 16:22:09',13.5,12.5,30,0,5,1,104);
/*!40000 ALTER TABLE `acciones_producto` ENABLE KEYS */;
UNLOCK TABLES;

--
-- Table structure for table `aux_acciones`
--

DROP TABLE IF EXISTS `aux_acciones`;
/*!40101 SET @saved_cs_client     = @@character_set_client */;
/*!40101 SET character_set_client = utf8 */;
CREATE TABLE `aux_acciones` (
  `CD_AUX` int(11) NOT NULL AUTO_INCREMENT,
  `CD_PRODUCTO` int(11) NOT NULL,
  `CD_SUCURSAL` int(11) NOT NULL,
  `CD_INVENTARIO` int(11) NOT NULL,
  PRIMARY KEY (`CD_AUX`),
  KEY `CD_PRODUCTO` (`CD_PRODUCTO`)
) ENGINE=InnoDB AUTO_INCREMENT=435 DEFAULT CHARSET=utf8;
/*!40101 SET character_set_client = @saved_cs_client */;

--
-- Dumping data for table `aux_acciones`
--

LOCK TABLES `aux_acciones` WRITE;
/*!40000 ALTER TABLE `aux_acciones` DISABLE KEYS */;
INSERT INTO `aux_acciones` VALUES (143,1,1,37),(144,2,1,37),(145,3,1,37),(146,4,1,37),(147,5,1,37),(169,1,3,57),(170,2,3,57),(171,3,3,57),(172,4,3,57),(173,5,3,57),(186,1,3,58),(187,2,3,58),(188,3,3,58),(189,4,3,58),(190,5,3,58),(212,1,21,63),(213,2,21,63),(214,3,21,63),(215,4,21,63),(370,1,3,59),(371,2,3,59),(372,3,3,59),(388,1,25,64),(389,2,25,64),(390,3,25,64),(391,5,25,64),(392,7,25,64),(393,9,25,64),(394,10,25,64),(395,11,25,64),(396,20,25,64),(397,21,25,64),(398,23,25,64),(399,24,25,64),(413,1,19,60),(414,2,19,60),(415,3,19,60),(416,10,19,60),(420,1,2,30),(421,2,2,30),(422,3,2,30),(423,4,2,30),(424,5,2,30),(425,7,2,30),(426,8,2,30),(427,9,2,30),(428,10,2,30),(429,11,2,30),(430,12,2,30),(431,14,2,30),(432,16,2,30),(433,20,2,30),(434,33,2,30);
/*!40000 ALTER TABLE `aux_acciones` ENABLE KEYS */;
UNLOCK TABLES;

--
-- Table structure for table `categorias_producto`
--

DROP TABLE IF EXISTS `categorias_producto`;
/*!40101 SET @saved_cs_client     = @@character_set_client */;
/*!40101 SET character_set_client = utf8 */;
CREATE TABLE `categorias_producto` (
  `CD_CATEGORIA_PRODUCTO` int(11) NOT NULL AUTO_INCREMENT,
  `NM_CATEGORIA_PRODUCTO` varchar(50) NOT NULL,
  `DESC_CATEGORIA_PRODUCTO` varchar(200) DEFAULT NULL,
  PRIMARY KEY (`CD_CATEGORIA_PRODUCTO`)
) ENGINE=InnoDB AUTO_INCREMENT=7 DEFAULT CHARSET=utf8;
/*!40101 SET character_set_client = @saved_cs_client */;

--
-- Dumping data for table `categorias_producto`
--

LOCK TABLES `categorias_producto` WRITE;
/*!40000 ALTER TABLE `categorias_producto` DISABLE KEYS */;
INSERT INTO `categorias_producto` VALUES (1,'Gotas','Gotas'),(2,'Tabletas',NULL),(3,'Jarabe',NULL),(4,'Cápsulas',NULL),(5,'Ampollas',NULL),(6,'Polvo',NULL);
/*!40000 ALTER TABLE `categorias_producto` ENABLE KEYS */;
UNLOCK TABLES;

--
-- Table structure for table `comprobantes_cabecera`
--

DROP TABLE IF EXISTS `comprobantes_cabecera`;
/*!40101 SET @saved_cs_client     = @@character_set_client */;
/*!40101 SET character_set_client = utf8 */;
CREATE TABLE `comprobantes_cabecera` (
  `CD_CABECERA` int(11) NOT NULL AUTO_INCREMENT,
  `FE_COMPROBANTE` datetime NOT NULL,
  `NM_CLIENTE` varchar(100) DEFAULT NULL,
  `CI_CLIENTE` varchar(13) DEFAULT NULL,
  `TOTAL_COMPROBANTE` float NOT NULL,
  `DESCUENTO_COMPROBANTE` float DEFAULT NULL,
  `CD_SUCURSAL` int(11) NOT NULL,
  `NUM_ITEMS_COMPROBANTE` int(11) NOT NULL,
  `CD_USUARIO` int(11) DEFAULT NULL,
  `A_PAGAR_COMPROBANTE` float NOT NULL,
  `CODIGO_COMPROBANTE` varchar(200) NOT NULL,
  PRIMARY KEY (`CD_CABECERA`,`CD_SUCURSAL`) USING BTREE,
  KEY `sucursales_comprobantes_cabecera_fk` (`CD_SUCURSAL`),
  CONSTRAINT `sucursales_comprobantes_cabecera_fk` FOREIGN KEY (`CD_SUCURSAL`) REFERENCES `sucursales` (`CD_SUCURSAL`) ON DELETE NO ACTION ON UPDATE NO ACTION
) ENGINE=InnoDB AUTO_INCREMENT=105 DEFAULT CHARSET=utf8;
/*!40101 SET character_set_client = @saved_cs_client */;

--
-- Dumping data for table `comprobantes_cabecera`
--

LOCK TABLES `comprobantes_cabecera` WRITE;
/*!40000 ALTER TABLE `comprobantes_cabecera` DISABLE KEYS */;
INSERT INTO `comprobantes_cabecera` VALUES (-1,'1900-01-01 00:00:00',NULL,NULL,-1,NULL,1,-1,-1,0,'SIN COMPROBANTE'),(-1,'1900-01-01 00:00:00',NULL,NULL,-1,NULL,2,-1,-1,0,'SIN COMPROBANTE'),(-1,'1900-01-01 00:00:00',NULL,NULL,-1,NULL,3,-1,-1,-1,'SIN COMPROBANTE'),(-1,'1900-01-01 00:00:00',NULL,NULL,-1,NULL,19,-1,-1,-1,'SIN COMPROBANTE'),(-1,'1900-01-01 00:00:00',NULL,NULL,-1,NULL,20,-1,-1,-1,'SIN COMPROBANTE'),(-1,'1900-01-01 00:00:00',NULL,NULL,-1,NULL,21,-1,-1,-1,'SIN COMPROBANTE'),(-1,'1900-01-01 00:00:00',NULL,NULL,-1,NULL,25,-1,-1,-1,'SIN COMPROBANTE'),(-1,'1900-01-01 00:00:00',NULL,NULL,-1,NULL,26,-1,-1,-1,'SIN COMPROBANTE'),(1,'2017-07-26 00:00:00',NULL,NULL,66.05,0,2,9,1,0,'002-0000001'),(2,'2017-08-03 00:00:00',NULL,NULL,3,0,2,1,1,0,'002-0000002'),(3,'2017-08-03 00:00:00',NULL,NULL,6.5,0,2,1,1,0,'002-0000003'),(4,'2017-08-03 00:00:00',NULL,NULL,13.5,0,2,1,1,0,'002-0000004'),(5,'2017-08-03 00:00:00',NULL,NULL,13.5,0,2,1,1,0,'002-0000005'),(6,'2017-08-03 00:00:00',NULL,NULL,13.5,0,2,1,1,0,'002-0000006'),(7,'2017-08-03 00:00:00',NULL,NULL,23,0,2,3,1,0,'002-0000007'),(8,'2017-08-03 00:00:00',NULL,NULL,23,0,2,3,1,0,'002-0000008'),(9,'2017-08-03 00:00:00',NULL,NULL,9.5,0,2,2,1,0,'002-0000009'),(10,'2017-08-03 00:00:00',NULL,NULL,40.5,0,2,3,1,0,'002-0000010'),(11,'2017-08-03 00:00:00',NULL,NULL,3,0,2,1,1,0,'002-0000011'),(12,'2017-08-03 00:00:00',NULL,NULL,21.6,0,2,2,1,0,'002-0000012'),(13,'2017-08-03 00:00:00',NULL,NULL,13.8,0,2,2,1,0,'002-0000013'),(14,'2017-08-03 00:00:00',NULL,NULL,32.4,0,2,3,1,0,'002-0000014'),(15,'2017-08-03 00:00:00',NULL,NULL,12.5,0,2,2,1,0,'002-0000015'),(16,'2017-08-03 00:00:00',NULL,NULL,27.3,0,2,3,1,0,'002-0000016'),(17,'2017-08-03 00:00:00',NULL,NULL,23,0,2,3,1,0,'002-0000017'),(18,'2017-08-03 00:00:00',NULL,NULL,13.8,0,2,2,1,0,'002-0000018'),(19,'2017-08-03 00:00:00',NULL,NULL,21.6,0,2,2,1,0,'002-0000019'),(20,'2017-08-03 00:00:00',NULL,NULL,13,0,2,2,1,0,'002-0000020'),(21,'2017-08-03 00:00:00',NULL,NULL,40.5,0,2,3,1,0,'002-0000021'),(22,'2017-08-04 00:00:00',NULL,NULL,10.8,0,2,1,1,0,'002-0000022'),(23,'2017-08-09 00:00:00',NULL,NULL,12,0,2,4,1,0,'002-0000023'),(24,'2017-08-03 00:00:00',NULL,NULL,1651.45,0,2,179,1,0,'002-0000024'),(25,'2017-08-09 13:47:14','Cliente final',NULL,40.5,0,2,3,NULL,0,'002-0000025'),(26,'2017-08-09 17:04:47','Cliente final',NULL,9.5,0,2,2,NULL,0,'002-0000026'),(27,'2017-08-11 16:04:12','Cliente final',NULL,39.8,0,2,5,NULL,0,'002-0000027'),(28,'2017-08-11 16:05:49','cliente','1714587845',3,101,2,1,1,0,'002-0000028'),(29,'2017-08-11 16:07:47','cliente','1714587845',3,101,2,1,1,0,'002-0000029'),(30,'2017-08-11 16:11:20','cliente','1714587845',6.5,101,2,1,1,0,'002-0000030'),(31,'2017-08-11 16:13:05','cliente','1714587845',6.5,101,2,1,1,0,'002-0000031'),(32,'2017-08-11 16:16:20','cliente','1714587845',9.5,101,2,2,1,0,'002-0000032'),(33,'2017-08-11 16:25:19','Consumidor final','',3,1,2,1,1,0,'002-0000033'),(34,'2017-08-11 16:31:12','Consumidor final','',16.8,2,2,2,1,0,'002-0000034'),(35,'2017-08-11 16:46:06','Carlota Pallares','',27.3,5,2,3,1,0,'002-0000035'),(36,'2017-08-11 16:51:18','Lucas Lopez','',6,1,2,2,1,0,'002-0000036'),(37,'2017-08-11 16:56:33','Consumidor final','',13,3,2,2,1,0,'002-0000037'),(38,'2017-08-11 16:59:24','Marina Castellanos','',12.5,2.5,2,2,1,0,'002-0000038'),(39,'2017-08-11 17:04:08','Lorena Villarreal','',16.5,2.5,2,2,1,0,'002-0000039'),(40,'2017-08-11 17:37:49','Consumidor final','',10.8,2,2,1,1,0,'002-0000040'),(41,'2017-08-11 17:50:27','Consumidor final','',9.5,2,2,2,1,0,'002-0000041'),(42,'2017-08-11 19:04:09','Cliente final',NULL,39.8,0,2,5,NULL,0,'002-0000042'),(43,'2017-08-11 19:19:45','Consumidor final','',23,20,2,3,1,0,'002-0000043'),(44,'2017-08-11 19:25:32','Jhon Arteaga','',33.6,5,2,4,1,0,'002-0000044'),(45,'2017-08-11 19:28:22','Consumidor final','',23,0,2,3,1,0,'002-0000045'),(46,'2017-08-11 20:09:12','Consumidor final','',3,1,2,1,2,0,'002-0000046'),(47,'2017-08-11 20:09:59','Gina Lobrigida','',6.5,2,2,1,2,0,'002-0000047'),(48,'2017-08-11 20:10:39','Juan Piguave','',13.5,0,2,1,2,0,'002-0000048'),(49,'2017-08-11 20:19:38','Vinicio vitalin','',3,1,2,0,2,0,'002-0000049'),(50,'2017-08-11 20:23:28','Juan Montalvo','',3,1,2,1,1,0,'002-0000050'),(51,'2017-08-11 20:24:31','Juan León Mera(3)','',23,3,2,3,1,0,'002-0000051'),(52,'2017-08-11 20:25:40','Carla Bastidas(2)','',16.8,0,2,2,1,0,'002-0000052'),(53,'2017-08-14 14:52:28','Consumidor final','',9.5,0,2,2,1,0,'002-0000053'),(54,'2017-08-14 18:10:41','Juan Valdez','',23,3,2,3,1,0,'002-0000054'),(55,'2017-08-16 21:26:40','Consumidor final','',3,0,1,1,1,3,'001-0000055'),(56,'2017-08-16 21:30:08','Consumidor final','',13,0,1,2,1,13,'001-0000056'),(57,'2017-08-16 21:32:05','Consumidor final','',13,0,1,2,1,13,'001-0000057'),(58,'2017-08-16 21:35:43','Lucía Pazmiño','',40.5,2.5,1,3,1,38,'001-0000058'),(59,'2017-08-16 21:51:27','Juliana Versalles','',18,3,1,3,1,-3,'001-0000059'),(60,'2017-08-16 21:57:52','Libertad Lamarque','',54,10.25,1,5,1,43.75,'001-0000060'),(61,'2017-08-21 15:44:56','Julio Jaramillo','',30,0,3,10,1,30,'003-0000061'),(62,'2017-08-21 15:47:27','Juan Montalvo','',32.5,0,3,5,1,32.5,'003-0000062'),(63,'2017-08-21 15:48:17','Juan León Mera','',108,0,3,8,1,108,'003-0000063'),(64,'2017-08-21 15:50:19','Miguel Riofrío','',42,0,3,7,1,42,'003-0000064'),(65,'2017-08-21 15:51:16','Benjamín Carrión','',64.8,0,3,6,1,64.8,'003-0000065'),(66,'2017-08-21 16:43:43','Consumidor final','',3,1,3,1,1,2,'003-0000066'),(67,'2017-08-21 16:44:22','Luci Lopez','',13,2,3,2,1,11,'003-0000067'),(68,'2017-08-21 16:44:37','Juan Valdez','',40.5,0,3,3,1,40.5,'003-0000068'),(69,'2017-08-21 16:45:00','Consumidor final','',24,4,3,4,1,20,'003-0000069'),(70,'2017-08-21 16:45:20','Consumidor final','',54,5,3,5,1,49,'003-0000070'),(71,'2017-08-23 16:32:10','Consumidor final','',3,0,3,1,1,3,'003-0000071'),(72,'2017-08-29 15:38:32','Irina Constante','',56.5,5,2,3,1,51.5,'002-0000072'),(73,'2017-08-29 15:45:23','Jhon Orellana','',144.5,3,2,12,1,141.5,'002-0000073'),(74,'2017-08-29 15:55:04','Julio Pazos','',56.5,2,2,6,1,54.5,'002-0000074'),(75,'2017-08-29 16:17:25','Consumidor final','',56.5,0,2,6,1,56.5,'002-0000075'),(76,'2017-08-29 16:33:59','Consumidor final','',98.25,5,2,6,1,93.25,'002-0000076'),(77,'2017-08-29 17:14:36','Jenny Gedes','',660,66,2,33,1,594,'002-0000077'),(78,'2017-08-30 16:04:17','Lula Dasilva','',77,2.5,2,7,1,74.5,'002-0000078'),(79,'2017-08-31 11:11:43','Carla María','',104,5,2,9,1,99,'002-0000079'),(80,'2017-08-31 12:53:03','Consumidor final','',269.25,0,2,21,1,269.25,'002-0000080'),(81,'2017-08-31 13:00:08','Notaventa Impares','',97.5,7.5,2,9,1,90,'002-0000081'),(82,'2017-08-31 13:12:56','Consumidor final','',85,1.27,2,5,1,83.73,'002-0000082'),(83,'2017-08-31 13:14:51','Lucas López','',51,0.44,2,3,1,50.56,'002-0000083'),(84,'2017-08-31 13:18:58','avita < tokio >','',2010,0.17,2,208,1,2009.83,'002-0000084'),(85,'2017-08-31 14:07:29','pericl\'es pick´se done','',297,0,2,99,1,297,'002-0000085'),(86,'2017-08-31 14:11:56','lucas {} looez () picos ¨* ~~','',643.5,1.17,2,99,1,642.33,'002-0000086'),(87,'2017-08-31 14:18:27','abita tokio landia','',283.6,1.01,2,24,1,282.59,'002-0000087'),(88,'2017-09-01 14:36:46','Abita Tokiosss','',96.3,1.08,2,7,1,95.22,'002-0000088'),(89,'2017-09-01 14:39:11','Madame Figaro´s','',2110,45.77,2,60,1,2064.23,'002-0000089'),(90,'2017-09-04 16:09:41','Gina Jhonson','',134.5,4.5,3,15,1,130,'003-0000090'),(91,'2017-09-06 17:42:05','Consumidor final','',23,0,3,3,1,23,'003-0000091'),(92,'2017-09-06 17:43:13','Lucas López','',46,0,3,6,1,46,'003-0000092'),(93,'2017-09-06 17:44:27','Yadira Baldeón','',69,4,3,9,1,65,'003-0000093'),(94,'2017-09-06 18:08:58','Manuela Espejo','',23,3,3,3,2,20,'003-0000094'),(95,'2017-09-06 18:09:18','Consumidor final','',3,0,3,1,2,3,'003-0000095'),(96,'2017-09-06 18:09:24','Consumidor final','',6.5,0,3,1,2,6.5,'003-0000096'),(97,'2017-09-06 18:09:35','Consumidor final','',13.5,0,3,1,2,13.5,'003-0000097'),(98,'2017-09-08 13:26:14','Consumidor final','',10.8,0,25,1,1,10.8,'025-0000098'),(99,'2017-09-08 13:26:22','Consumidor final','',17.25,0,25,1,1,17.25,'025-0000099'),(100,'2017-09-08 13:26:27','Consumidor final','',10.5,0,25,1,1,10.5,'025-0000100'),(101,'2017-09-08 18:31:25','Consumidor final','',48,0,25,3,1,48,'025-0000101'),(102,'2017-09-08 18:48:40','Consumidor final','',3,0,19,1,1,3,'019-0000102'),(103,'2017-09-08 18:48:49','Consumidor final','',20,0,19,1,1,20,'019-0000103'),(104,'2017-09-11 16:22:09','Jhadira Bolaños','',43.5,3,2,4,1,40.5,'002-0000104');
/*!40000 ALTER TABLE `comprobantes_cabecera` ENABLE KEYS */;
UNLOCK TABLES;

--
-- Table structure for table `empresas`
--

DROP TABLE IF EXISTS `empresas`;
/*!40101 SET @saved_cs_client     = @@character_set_client */;
/*!40101 SET character_set_client = utf8 */;
CREATE TABLE `empresas` (
  `CD_EMPRESA` int(11) NOT NULL AUTO_INCREMENT,
  `NM_EMPRESA` varchar(200) DEFAULT NULL,
  PRIMARY KEY (`CD_EMPRESA`)
) ENGINE=InnoDB AUTO_INCREMENT=2 DEFAULT CHARSET=utf8;
/*!40101 SET character_set_client = @saved_cs_client */;

--
-- Dumping data for table `empresas`
--

LOCK TABLES `empresas` WRITE;
/*!40000 ALTER TABLE `empresas` DISABLE KEYS */;
INSERT INTO `empresas` VALUES (1,'Doctoras Abejas');
/*!40000 ALTER TABLE `empresas` ENABLE KEYS */;
UNLOCK TABLES;

--
-- Table structure for table `estados_sistema`
--

DROP TABLE IF EXISTS `estados_sistema`;
/*!40101 SET @saved_cs_client     = @@character_set_client */;
/*!40101 SET character_set_client = utf8 */;
CREATE TABLE `estados_sistema` (
  `CD_ESTADO_SISTEMA` int(11) NOT NULL AUTO_INCREMENT,
  `NM_ESTADO_SISTEMA` varchar(50) NOT NULL,
  `DESC_ESTADO_SISTEMA` varchar(200) NOT NULL,
  PRIMARY KEY (`CD_ESTADO_SISTEMA`)
) ENGINE=InnoDB AUTO_INCREMENT=2 DEFAULT CHARSET=utf8;
/*!40101 SET character_set_client = @saved_cs_client */;

--
-- Dumping data for table `estados_sistema`
--

LOCK TABLES `estados_sistema` WRITE;
/*!40000 ALTER TABLE `estados_sistema` DISABLE KEYS */;
INSERT INTO `estados_sistema` VALUES (-1,'Inactivo','Estado Inactivo, que no se usa.'),(1,'Activo','Estado Activo, que se usa.');
/*!40000 ALTER TABLE `estados_sistema` ENABLE KEYS */;
UNLOCK TABLES;

--
-- Table structure for table `inventarios`
--

DROP TABLE IF EXISTS `inventarios`;
/*!40101 SET @saved_cs_client     = @@character_set_client */;
/*!40101 SET character_set_client = utf8 */;
CREATE TABLE `inventarios` (
  `CD_INVENTARIO` int(11) NOT NULL AUTO_INCREMENT,
  `CD_ESTADO_SISTEMA` int(11) NOT NULL,
  `NM_INVENTARIO` varchar(200) NOT NULL,
  `FE_REGISTRO` datetime NOT NULL,
  `FE_INICIO_INVENTARIO` date NOT NULL,
  `FE_FIN_INVENTARIO` date NOT NULL,
  `ANIO_FISCAL_INVENTARIO` int(11) NOT NULL,
  `OBS_INVENTARIO` varchar(800) NOT NULL,
  `FE_CIERRE` datetime DEFAULT NULL,
  `CD_SUCURSAL` int(11) NOT NULL,
  PRIMARY KEY (`CD_INVENTARIO`,`CD_SUCURSAL`),
  KEY `ESTADOS_SISTEMA_INVENTARIOS_FK` (`CD_ESTADO_SISTEMA`),
  KEY `SUCURSALES_INVENTARIOS_FK` (`CD_SUCURSAL`),
  CONSTRAINT `ESTADOS_SISTEMA_INVENTARIOS_FK` FOREIGN KEY (`CD_ESTADO_SISTEMA`) REFERENCES `estados_sistema` (`CD_ESTADO_SISTEMA`) ON DELETE NO ACTION ON UPDATE NO ACTION,
  CONSTRAINT `SUCURSALES_INVENTARIOS_FK` FOREIGN KEY (`CD_SUCURSAL`) REFERENCES `sucursales` (`CD_SUCURSAL`) ON DELETE NO ACTION ON UPDATE NO ACTION
) ENGINE=InnoDB AUTO_INCREMENT=65 DEFAULT CHARSET=utf8;
/*!40101 SET character_set_client = @saved_cs_client */;

--
-- Dumping data for table `inventarios`
--

LOCK TABLES `inventarios` WRITE;
/*!40000 ALTER TABLE `inventarios` DISABLE KEYS */;
INSERT INTO `inventarios` VALUES (25,-1,'inventario 2002','2017-08-02 00:00:00','2002-01-01','2002-12-31',2002,'obs 2002; 2do adición 2002; 3ra dición 9:57 inventario 2002.  Al inventario 2002 le cambio de gUAYALÓ a biloxi.  cambio la sucursal a Guajaló','2017-06-06 00:00:00',1),(28,-1,'inventario 2006','2017-06-08 00:00:00','2006-01-01','2006-12-31',2006,'inventario 2006 de prueba','2017-06-08 00:00:00',2),(29,-1,'inventario\'s 2004','2017-09-04 15:54:21','2004-06-08','2004-06-10',2004,'observaciones de prueba 2004, observaciones de prueba para inventairo 2004','2017-06-08 00:00:00',2),(30,1,'inventariosss 2005 prueba','2017-09-11 14:21:18','2005-01-01','2017-10-10',2005,'inventario de prueba, cambiado al año 2005.  este es otro inventario','2017-09-11 14:04:06',2),(35,-1,'Inventario 2do semestre 2017','2017-08-15 00:00:00','2017-08-01','2017-08-31',2017,'observaciones de prueba: inventario desde ago 1 hasta ago 31.  Ahora modificando el inventario, no debe cambiar sucursal.  Ahora otra modificación.  ','2017-08-15 00:00:00',1),(37,1,'Inventario ago15/sep15','2017-08-15 00:00:00','2017-08-15','2017-09-15',2017,'inventario ago15/sep15.  Ahora otra modficación',NULL,1),(56,-1,'inventario 2','2017-08-21 12:04:26','2017-08-16','2017-10-27',2017,'','2017-08-18 13:04:53',3),(57,-1,'inventario 3','2017-08-21 12:10:09','2017-08-06','2017-09-17',2017,'','2017-08-23 16:21:36',3),(58,-1,'inventario 4 ambato','2017-08-25 16:39:43','2017-08-23','2017-09-30',2017,'desde el 30 de agosto al 30 de septiembre. obsevaciones de prueba','2017-09-06 17:33:31',3),(59,1,'Inventario_5','2017-09-06 17:33:44','2017-09-06','2017-10-13',2017,'inventario número 5 de prueba para Ambato',NULL,3),(60,1,'Inventario cuenca 2017','2017-09-06 22:26:25','2017-09-06','2017-10-31',2017,'inventario para Cuenca 2017',NULL,19),(62,-1,'Inventario Huambaló 2017','2017-09-08 13:00:45','2017-09-08','2017-11-08',2017,'observaciones de prueba','2017-09-08 13:05:07',21),(63,1,'Inventario Huambaló 2017','2017-09-08 13:11:20','2017-09-08','2017-11-08',2017,'obsevaciones de durán 2017 pruebas',NULL,21),(64,1,'Inventario Durán_1','2017-09-08 13:25:13','2017-09-08','2017-11-08',2017,'obsrevaciones de preuba',NULL,25);
/*!40000 ALTER TABLE `inventarios` ENABLE KEYS */;
UNLOCK TABLES;

--
-- Table structure for table `medicaciones`
--

DROP TABLE IF EXISTS `medicaciones`;
/*!40101 SET @saved_cs_client     = @@character_set_client */;
/*!40101 SET character_set_client = utf8 */;
CREATE TABLE `medicaciones` (
  `CD_MEDICACION` int(11) NOT NULL AUTO_INCREMENT,
  `CD_TRATAMIENTO` int(11) DEFAULT NULL,
  `FE_MEDICACION` datetime DEFAULT NULL,
  `NOTAS_MEDICACION` varchar(1600) DEFAULT NULL,
  PRIMARY KEY (`CD_MEDICACION`),
  KEY `FK_RELATIONSHIP_6` (`CD_TRATAMIENTO`),
  CONSTRAINT `FK_RELATIONSHIP_6` FOREIGN KEY (`CD_TRATAMIENTO`) REFERENCES `tratamientos` (`CD_TRATAMIENTO`)
) ENGINE=InnoDB AUTO_INCREMENT=61 DEFAULT CHARSET=utf8;
/*!40101 SET character_set_client = @saved_cs_client */;

--
-- Dumping data for table `medicaciones`
--

LOCK TABLES `medicaciones` WRITE;
/*!40000 ALTER TABLE `medicaciones` DISABLE KEYS */;
INSERT INTO `medicaciones` VALUES (29,48,'2017-05-18 00:00:00','vitamina C/K'),(30,48,'2017-05-18 00:00:00','jarabe abejín'),(31,48,'2017-05-18 00:00:00','polen superreforzado'),(32,48,'2017-05-18 00:00:00','vitamina C++'),(36,49,'2017-05-18 00:00:00','yodo \"1\"'),(37,49,'2017-05-18 00:00:00','yodo \'2\''),(38,49,'2017-05-18 00:00:00','yodo \'3\''),(40,49,'2017-05-18 00:00:00','yodo \"4\"'),(50,51,'2017-05-18 00:00:00','miel'),(51,51,'2017-05-18 00:00:00','propooleo'),(53,52,'2017-05-18 00:00:00','yeso2'),(54,53,'2017-05-18 00:00:00','pepas de atun'),(55,53,'2017-05-18 00:00:00','latas de atún'),(56,55,'2017-09-06 00:00:00','se le envía a tomar 2 litros de agua diarios'),(58,67,'2017-09-06 00:00:00','ninguna medicación.  está sano en el nombre de Jesús'),(59,68,'2017-09-07 00:00:00','se le envió la medicación de 1 walkie tolkie'),(60,23,'2017-09-11 00:00:00','Usar lodo tibio para compresas');
/*!40000 ALTER TABLE `medicaciones` ENABLE KEYS */;
UNLOCK TABLES;

--
-- Table structure for table `niveles_alergia`
--

DROP TABLE IF EXISTS `niveles_alergia`;
/*!40101 SET @saved_cs_client     = @@character_set_client */;
/*!40101 SET character_set_client = utf8 */;
CREATE TABLE `niveles_alergia` (
  `CD_NIVEL_ALERGIA` smallint(6) NOT NULL AUTO_INCREMENT,
  `NM_NIVEL_ALERGIA` varchar(100) DEFAULT NULL,
  `OBS_NIVEL_ALERGIA` varchar(200) DEFAULT NULL,
  PRIMARY KEY (`CD_NIVEL_ALERGIA`)
) ENGINE=InnoDB AUTO_INCREMENT=6 DEFAULT CHARSET=utf8;
/*!40101 SET character_set_client = @saved_cs_client */;

--
-- Dumping data for table `niveles_alergia`
--

LOCK TABLES `niveles_alergia` WRITE;
/*!40000 ALTER TABLE `niveles_alergia` DISABLE KEYS */;
INSERT INTO `niveles_alergia` VALUES (1,'No alérgico',NULL),(2,'Si alérgico',NULL),(3,'Levemente sensible',NULL),(4,'Medianamente sensible',NULL),(5,'Altamente sensible',NULL);
/*!40000 ALTER TABLE `niveles_alergia` ENABLE KEYS */;
UNLOCK TABLES;

--
-- Table structure for table `pacientes`
--

DROP TABLE IF EXISTS `pacientes`;
/*!40101 SET @saved_cs_client     = @@character_set_client */;
/*!40101 SET character_set_client = utf8 */;
CREATE TABLE `pacientes` (
  `CD_PACIENTE` int(11) NOT NULL AUTO_INCREMENT,
  `CD_SUCURSAL` int(11) DEFAULT NULL,
  `CD_NIVEL_ALERGIA` smallint(6) DEFAULT NULL,
  `NOMBRES_PACIENTE` varchar(100) DEFAULT NULL,
  `APELLIDOS_PACIENTE` varchar(100) DEFAULT NULL,
  `EDAD_PACIENTE` smallint(6) DEFAULT NULL,
  `OCUPACION_PACIENTE` varchar(200) DEFAULT NULL,
  `TELEF_PACIENTE` varchar(50) DEFAULT NULL,
  `DIRECCION_PACIENTE` varchar(300) DEFAULT NULL,
  `CELULAR_PACIENTE` varchar(75) DEFAULT NULL,
  `FE_INGRESO_PACIENTE` datetime DEFAULT NULL,
  `ANTECEDENTES_PERSONA_PACIENTE` varchar(1600) DEFAULT NULL,
  `ANTECEDENTES_FAMILIA_PACIENTE` varchar(1600) DEFAULT NULL,
  `CIRUGIAS_PACIENTE` varchar(800) DEFAULT NULL,
  `ALERGIAS_PACIENTE` varchar(800) DEFAULT NULL,
  `MEDICACION_QUIMICA_PACIENTE` varchar(800) DEFAULT NULL,
  `MOTIVO_CONSULTA_PACIENTE` varchar(800) DEFAULT NULL,
  `PESO` float DEFAULT NULL,
  `TALLA` float DEFAULT NULL,
  `PRESION` varchar(10) DEFAULT NULL,
  `DIAGNOSTICO_NATUROPATICO` varchar(800) DEFAULT NULL,
  `FRECUENCIA_CARDIACA` smallint(6) DEFAULT NULL,
  `NIVEL_DOLOR` smallint(6) DEFAULT NULL,
  `CEDULA_PACIENTE` varchar(10) DEFAULT NULL,
  `NUM_EMBARAZOS_PACIENTE` smallint(6) DEFAULT NULL,
  `NUM_PARTOS_PACIENTE` smallint(6) DEFAULT NULL,
  `NUM_CESAREAS_PACIENTE` smallint(6) DEFAULT NULL,
  `NUM_ABORTOS_PACIENTE` smallint(6) DEFAULT NULL,
  `SEXO_PACIENTE` varchar(1) DEFAULT NULL,
  PRIMARY KEY (`CD_PACIENTE`),
  KEY `FK_RELATIONSHIP_3` (`CD_SUCURSAL`),
  KEY `FK_RELATIONSHIP_5` (`CD_NIVEL_ALERGIA`),
  CONSTRAINT `FK_RELATIONSHIP_3` FOREIGN KEY (`CD_SUCURSAL`) REFERENCES `sucursales` (`CD_SUCURSAL`),
  CONSTRAINT `FK_RELATIONSHIP_5` FOREIGN KEY (`CD_NIVEL_ALERGIA`) REFERENCES `niveles_alergia` (`CD_NIVEL_ALERGIA`)
) ENGINE=InnoDB AUTO_INCREMENT=36 DEFAULT CHARSET=utf8;
/*!40101 SET character_set_client = @saved_cs_client */;

--
-- Dumping data for table `pacientes`
--

LOCK TABLES `pacientes` WRITE;
/*!40000 ALTER TABLE `pacientes` DISABLE KEYS */;
INSERT INTO `pacientes` VALUES (4,1,2,'maria gracia','fernandez',46,'modista','4567895','guajaló 456','','2017-05-08 00:00:00','personales ilngreso hoy ','familiares','ciru','aler','quimica','',10,20,'30','detalles prueba',40,10,NULL,NULL,NULL,NULL,NULL,NULL),(5,1,1,'alfredo','pareja',52,'escritor','2456789','casa de la cultura','','2017-05-08 00:00:00','personales','familiares','ciru','','','',10,20,'30','sin detalles ',40,2,NULL,NULL,NULL,NULL,NULL,NULL),(7,2,3,'Verónica','Castro Ortega',68,'actriz','2731127/  0997665456 / 2789678 / 0987667877 /','mexico','','2017-05-08 00:00:00','Specify grouping of error messages. A group consists of an arbitrary group name as the key and a space separated list of element names as the value. Use errorPlacement to control where the group message is placed.Specify grouping of error messages. A group consists of an arbitrary group name as the key and a space separated list of element names as the value. Use errorPlacement to control where the group message is placed.Specify grouping of error messages. A group consists of an arbitrary group name as the key and a space separated list of element names as the value. Use errorPlacement to control where the group message is placed.\r\nSpecify grouping of error messages. A group consists of an arbitrary group name as the key and a space separated list of element names as the value. Use errorPlacement to control where the group message is placed.\r\nSpecify grouping of error messages. A group consists of an arbitrary group name as the key and a space separated list of element names as the value. Use errorPlacement to control where the El fin de las pruebas kjlkjlfdjalkfjakljflkadsjfalkjflaksjflaksjfklsadjflaksjfalskfjalksdfjalskj\r\nSpecify grouping of error messages. A group consists of an arbitrary group name as the key and a space separated list of element names as the value. Use errorPlacement to control where the El fin de las pruebas kjlkjlfdjalkfjakljflkadsjfalkjflaksjflaksjfklsadjflaksjfalskfjalksdfjalskj','cargas familiares.  El SRI pone a su disposición un software sencillo y fácil de utilizar denominado DIMM Formularios (Declaración de Información en Medio Magnético), el mismo que lo obtiene gratuitamente en las oficinas del SRI o en la página Web: www.sri.gov.ec.','cirugías familiares .  El SRI pone a su disposición un software sencillo y fácil de utilizar denominado DIMM Formularios (Declaración de Información en Medio Magnético), el mismo que lo obtiene gratuitamente en las oficinas del SRI o en la página Web: www.sri.gov.ec.','El SRI pone a su disposición un software sencillo y fácil de utilizar denominado DIMM Formularios (Declaración de Información en Medio Magnético), el mismo que lo obtiene gratuitamente en las oficinas del SRI o en la página Web: www.sri.gov.ec.','El SRI pone a su disposición un software sencillo y fácil de utilizar denominado DIMM Formularios (Declaración de Información en Medio Magnético), el mismo que lo obtiene gratuitamente en las oficinas del SRI o en la página Web: www.sri.gov.ec.El SRI pone a su disposición un software sencillo y fácil de utilizar denominado DIMM Formularios (Declaración de Información en Medio Magnético), el mismo que lo obtiene gratuitamente en las oficinas del SRI o en la página Web: www.sri.gov.ec.','hola prueba',10,20,'30','ahora coloco un detalle naturoático.  Detalle más adicionales.  Nivel de dolor 5 y pruebas alergias levemente sensible',40,5,NULL,NULL,NULL,NULL,NULL,NULL),(8,2,2,'juan carlos','rivera inca',42,'ing comercial','1235478 / 0997778475','chimborazo','','2017-05-09 00:00:00','personales','famil','cirugías','corazón púlpito','químico medicación','',0,0,'','diagnóstico, colocando valores a cero, las cuatro cajas de arriba.',0,8,NULL,NULL,NULL,NULL,NULL,NULL),(9,1,1,'Nancy','Méndez',50,'comerciante','2456789','av. 6 de diciembre ','','2017-05-09 00:00:00','prsonales nancy','famliares','alergaias','ciruga','medi','motivo nancy',10,20,'30','detalles naturo',40,2,NULL,NULL,NULL,NULL,NULL,NULL),(12,1,5,'césar','bastidas',47,'médico naturista','2445678','','','2017-05-15 00:00:00','ningúno personal','ninguno fqamiliar','','','','',0,0,'0','terapias apiterapia y sueros.  Sanos en el nombre de Jesús.',0,5,'',0,0,0,0,''),(15,1,5,'Carlos','Intriago',25,'','','','','2017-05-16 00:00:00','','','','','','',0,0,'0','detalles de prueba',0,1,NULL,NULL,NULL,NULL,NULL,NULL),(16,1,2,'luciana','rodríguez',45,'','','','','2017-05-16 00:00:00','1.	Para preparar el \"ajillo\"\r\n2.	3 ajos\r\n3.	3 cdas mantequilla\r\n4.	2 chatos de vino blanco\r\n5.	1 chorrito aceite de Oliva Virgen Extra\r\n6.	Sal\r\n7.	Pimienta molida\r\n8.	Caldo de pollo\r\n9.	Pescado al \"ajillo\"\r\n10.	2 piezas pescado blanco\r\n11.	1 Limón\r\n12.	Guindilla\r\n13.	Aceite de Oliva\r\nPasos\r\n75 minutos\r\n1.	Preparar la salsa al \"Ajillo\": \r\nEn una sarten caliente ponemos el aceite y la mantequilla.\r\n2.	Añadir los ajos pelados y cortados, la sal y la pimienta. Lo reservamos.\r\n3.	En una cazuela mezclamos el caldo de pollo y el vino.\r\n4.	Añadir la mezcla de caldo en la sartén y cocinar unos 3 o 5 minutos.\r\n5.	Si queremos que la salsa quede más espesa le añadimos una cucharada de maicena o de harina.\r\n6.	Preparar el pescado al \"Ajillo\": \r\nUna vez tenemos la salsa preparada, la dejamos reposar con el fuego apagado.\r\n7.	Limpiar el pescado. Debemos procurar que no queden muchas escamas, que los ojos y ranuras de las piezas estén bien limpias.\r\n8.	Colocamos las piezas sobre una fuente, sazonamos y añadimos un poco de vino (2 vasos).\r\n9.	Horneamos 1 hora a 180ºC.\r\n10.	Otras formas de preparar el pescado: \r\nEl pescado blanco ofrece muchas posibilidades, otra de ellas es hacerlo en **sartén**.\r\n11.	Limpiamos y cortamos bien el pescado a medallones.\r\n12.	Sazonamos las rodajas, un poco de aciete en la sartén y, cuando esté doradito lo mezlcamos con la salsa.\r\n13.	Del mismo modo, y sin ensuciar mucho, cuando tenemos prisa podemos preparar bacalao, por ','1.	Para preparar el \"ajillo\"\r\n2.	3 ajos\r\n3.	3 cdas mantequilla\r\n4.	2 chatos de vino blanco\r\n5.	1 chorrito aceite de Oliva Virgen Extra\r\n6.	Sal\r\n7.	Pimienta molida\r\n8.	Caldo de pollo\r\n9.	Pescado al \"ajillo\"\r\n10.	2 piezas pescado blanco\r\n11.	1 Limón\r\n12.	Guindilla\r\n13.	Aceite de Oliva\r\nPasos\r\n75 minutos\r\n1.	Preparar la salsa al \"Ajillo\": \r\nEn una sarten caliente ponemos el aceite y la mantequilla.\r\n2.	Añadir los ajos pelados y cortados, la sal y la pimienta. Lo reservamos.\r\n3.	En una cazuela mezclamos el caldo de pollo y el vino.\r\n4.	Añadir la mezcla de caldo en la sartén y cocinar unos 3 o 5 minutos.\r\n5.	Si queremos que la salsa quede más espesa le añadimos una cucharada de maicena o de harina.\r\n6.	Preparar el pescado al \"Ajillo\": \r\nUna vez tenemos la salsa preparada, la dejamos reposar con el fuego apagado.\r\n7.	Limpiar el pescado. Debemos procurar que no queden muchas escamas, que los ojos y ranuras de las piezas estén bien limpias.\r\n8.	Colocamos las piezas sobre una fuente, sazonamos y añadimos un poco de vino (2 vasos).\r\n9.	Horneamos 1 hora a 180ºC.\r\n10.	Otras formas de preparar el pescado: \r\nEl pescado blanco ofrece muchas posibilidades, otra de ellas es hacerlo en **sartén**.\r\n11.	Limpiamos y cortamos bien el pescado a medallones.\r\n12.	Sazonamos las rodajas, un poco de aciete en la sartén y, cuando esté doradito lo mezlcamos con la salsa.\r\n13.	Del mismo modo, y sin ensuciar mucho, cuando tenemos prisa podemos preparar bacalao, por ','1.	Para preparar el \"ajillo\"\r\ncon la salsa.\r\n13.	Del mismo modo, y sin ensuciar mucho, cuando tenemos prisa podemos preparar bacalao, por ','7.	Limpiar el pescado. Debemos procurar que no queden muchas escamas, que los ojos y ranuras de las piezas estén bien limpias.\r\n8.	Colocamos las piezas sobre una fuente, sazonamos y añadimos un poco de vino (2 vasos).\r\n9.	Horneamos 1 hora a 180ºC.\r\n10.	Otras formas de preparar el pescado: \r\nEl pescado blanco ofrece muchas posibilidades, otra de ellas es hacerlo en **sartén**.\r\n11.	Limpiamos y cortamos bien el pescado a medallones.\r\n12.	Sazonamos las rodajas, un poco de aciete en la sartén y, cuando esté doradito lo mezlcamos con la salsa.\r\n13.	Del mismo modo, y sin ensuciar mucho, cuando tenemos prisa podemos preparar bacalao, por ','7.	Limpiar el pescado. Debemos procurar que no queden muchas escamas, que los ojos y ranuras de las piezas estén bien limpias.\r\n8.	Colocamos las piezas sobre una fuente, sazonamos y añadimos un poco de vino (2 vasos).\r\n9.	Horneamos 1 hora a 180ºC.\r\n10.	Otras formas de preparar el pescado: \r\nEl pescado blanco ofrece muchas posibilidades, otra de ellas es hacerlo en **sartén**.\r\n11.	Limpiamos y cortamos bien el pescado a medallones.\r\n12.	Sazonamos las rodajas, un poco de aciete en la sartén y, cuando esté doradito lo mezlcamos con la salsa.\r\n13.	Del mismo modo, y sin ensuciar mucho, cuando tenemos prisa podemos preparar bacalao, por ','7.	Limpiar el pescado. Debemos procurar que no queden muchas escamas, que los ojos y ranuras de las piezas estén bien limpias.\r\n8.	Colocamos las piezas sobre una fuente, sazonamos y añadimos un poco de vino (2 vasos).\r\n9.	Horneamos 1 hora a 180ºC.\r\n10.	Otras formas de preparar el pescado: \r\nEl pescado blanco ofrece muchas posibilidades, otra de ellas es hacerlo en **sartén**.\r\n11.	Limpiamos y cortamos bien el pescado a medallones.\r\n12.	Sazonamos las rodajas, un poco de aciete en la sartén y, cuando esté doradito lo mezlcamos con la salsa.\r\n13.	Del mismo modo, y sin ensuciar mucho, cuando tenemos prisa podemos preparar bacalao, por ',0,0,'0','7.	Limpiar el pescado. Debemos procurar que no queden muchas escamas, que los ojos y ranuras de las piezas estén bien limpias.\r\n8.	Colocamos las piezas sobre una fuente, sazonamos y añadimos un poco de vino (2 vasos).\r\n9.	Horneamos 1 hora a 180ºC.\r\n10.	Otras formas de preparar el pescado: \r\nEl pescado blanco ofrece muchas posibilidades, otra de ellas es hacerlo en **sartén**.\r\n11.	Limpiamos y cortamos bien el pescado a medallones.\r\n12.	Sazonamos las rodajas, un poco de aciete en la sartén y, cuando esté doradito lo mezlcamos con la salsa.\r\n13.	Del mismo modo, y sin ensuciar mucho, cuando tenemos prisa podemos preparar bacalao, por ',0,3,NULL,NULL,NULL,NULL,NULL,NULL),(18,1,5,'Ernesto','Rivas',45,'','','','','2017-05-17 00:00:00','modifia person','modifica familia','modifica cirugaa','modifica alera','modifica medica','motivo medca',0,0,'0','detalles requeridos de prueba',0,10,NULL,NULL,NULL,NULL,NULL,NULL),(20,1,1,'gianina','gallardo',41,'','','','','2017-05-18 00:00:00','','','','','','',0,0,'110/120','diagnóstico, aumentar defensar',0,1,NULL,NULL,NULL,NULL,NULL,NULL),(26,1,4,'luis','roldós aguilera',23,'','uiouiouoi','','','2017-06-07 00:00:00','','','','','','',0,0,'','',0,8,'',0,0,0,0,'F'),(27,1,1,'juanita ','burbano',29,'modista','0997665678','pintado 345','','2017-06-07 00:00:00','datos personale','familiares','ciru','','','',0,0,'','detalle de observaciones.  Es una paciente mujer',0,1,'2314207815',0,0,0,0,'F'),(28,1,1,'jhon','orellana díaz',78,'conductor','0987667898','bilox 123','','2017-06-07 00:00:00','personales','familiares','cirugías','alergías','me','',0,0,'','detalles de diagnóstico',0,1,'1987986789',0,0,0,0,'M'),(29,1,1,'Carla ','Pérez',30,'andinista','0997665456','av prensa','','2017-06-12 00:00:00','ninguno','fail','','','','',130,1.65,'','ningún detalle, solo un parto',0,5,'1723456789',1,1,0,0,'F'),(30,2,1,'Gladys',' Lara',35,'enfermera','0987776578','lorenzo flores 23-2','','2017-08-01 00:00:00','datos de prueba.  SANOS en el nombre de Jesús.  Sanos en el nombre de JEsús.  Por tercera vez sanos en el nombre de Jesús de Nazareth.','fam','','','','',0,0,'','detalles de prueba: sana en el nombre de Jesús.  Todos estamos sanos en el nombre de Jesús de Nazareth.',0,1,'1712837498',1,2,3,4,'F'),(31,3,1,'Matilde','Prócel',39,'consejera del CNE','0987445784','6 de Diciembre y bILOXI','','2017-08-23 00:00:00','','','','','','',0,0,'','NINuna patología',0,1,'1712451245',0,0,0,0,'F'),(32,1,1,'julias','carrera',23,'stavs car','9045849','bartolmes alvarez','','2017-09-04 00:00:00','','','','','','',0,0,'','\'',0,1,'',0,0,0,0,'F'),(33,3,1,'Julia','Prado',67,'ama de casa','593022789789','villa grande y huachi','','2017-09-06 00:00:00','ninguno','no familiares','no cirugías','no alergias','no medicación','no motivo',10,20,'30','detales de prueba, todo correcto',40,1,'1122334455',0,0,0,0,'M'),(34,2,1,'Simón Raúl','Garzón Cárdenas',45,'Lalbañil','4569895','cofeexpres','','2017-09-06 00:00:00','','','','','','',0,0,'','todo ok sano por la sangre de Cristo',0,1,'9988776655',0,0,0,0,'M'),(35,21,1,'Manuela ','Saénz',39,'antropóloga','5930222788475','Tnte. Hugo Ortiz','','2017-09-07 00:00:00','','','','','','',30,1.63,'12','ninguno, todo ok',52,1,'1122334455',2,2,0,0,'F');
/*!40000 ALTER TABLE `pacientes` ENABLE KEYS */;
UNLOCK TABLES;

--
-- Table structure for table `productos`
--

DROP TABLE IF EXISTS `productos`;
/*!40101 SET @saved_cs_client     = @@character_set_client */;
/*!40101 SET character_set_client = utf8 */;
CREATE TABLE `productos` (
  `CD_PRODUCTO` int(11) NOT NULL AUTO_INCREMENT,
  `CD_ESTADO_SISTEMA` int(11) NOT NULL,
  `CD_CATEGORIA_PRODUCTO` int(11) NOT NULL,
  `SKU_PRODUCTO` varchar(50) NOT NULL,
  `SECUENCIAL_PRODUCTO` int(11) NOT NULL,
  `CD_UNIDAD_PRODUCTO` int(11) NOT NULL,
  `NM_PRODUCTO` varchar(50) NOT NULL,
  `FE_INGRESO_PRODUCTO` date NOT NULL,
  `DESC_PRODUCTO` varchar(200) NOT NULL,
  `NM_PROVEEDOR_PRODUCTO` varchar(200) NOT NULL,
  `PRECIO_PRODUCTO` float NOT NULL,
  `COSTO_INTERNO_PRODUCTO` float NOT NULL,
  `FOTO_PRODUCTO` varchar(200) NOT NULL,
  `BARCODE_PRODUCTO` varchar(200) NOT NULL,
  `STOCK_MINIMO_PRODUCTO` int(11) DEFAULT NULL,
  `OBS_PRODUCTO` varchar(200) NOT NULL,
  PRIMARY KEY (`CD_PRODUCTO`),
  KEY `ESTADOS_SISTEMA_PRODUCTOS_FK` (`CD_ESTADO_SISTEMA`),
  KEY `UNIDADES_PRODUCTO_PRODUCTOS_FK` (`CD_UNIDAD_PRODUCTO`),
  KEY `CATEGORIAS_PRODUCTO_PRODUCTOS_FK` (`CD_CATEGORIA_PRODUCTO`),
  CONSTRAINT `CATEGORIAS_PRODUCTO_PRODUCTOS_FK` FOREIGN KEY (`CD_CATEGORIA_PRODUCTO`) REFERENCES `categorias_producto` (`CD_CATEGORIA_PRODUCTO`) ON DELETE NO ACTION ON UPDATE NO ACTION,
  CONSTRAINT `ESTADOS_SISTEMA_PRODUCTOS_FK` FOREIGN KEY (`CD_ESTADO_SISTEMA`) REFERENCES `estados_sistema` (`CD_ESTADO_SISTEMA`) ON DELETE NO ACTION ON UPDATE NO ACTION,
  CONSTRAINT `UNIDADES_PRODUCTO_PRODUCTOS_FK` FOREIGN KEY (`CD_UNIDAD_PRODUCTO`) REFERENCES `unidades_producto` (`CD_UNIDAD_PRODUCTO`) ON DELETE NO ACTION ON UPDATE NO ACTION
) ENGINE=InnoDB AUTO_INCREMENT=39 DEFAULT CHARSET=utf8;
/*!40101 SET character_set_client = @saved_cs_client */;

--
-- Dumping data for table `productos`
--

LOCK TABLES `productos` WRITE;
/*!40000 ALTER TABLE `productos` DISABLE KEYS */;
INSERT INTO `productos` VALUES (1,1,1,'0001',1,1,'jarabe vitalin amarillo','2017-06-02','jarabe multivitamínico amarillo','naturisol',3,2,'jarabe.jpg','archivo_barcode.jpg',20,''),(2,1,1,'0002',2,1,'protector labial','2017-06-06','labiales en colores rojo, tomate y piel','Izone natural',6.5,5.5,'protector_labial.jpg','archivo_barcode.jpg',120,''),(3,1,1,'0003',3,1,'pastillas vitamina C','2017-06-06','pastillas en envase cuadrado sabores: naranja, limón','ferro natural',13.5,12.5,'pastillas_vitaminac.jpg','archivo_barcode.jpg',50,''),(4,1,1,'0004',4,1,'crema escarcha roja','2017-06-06','ungüento escarcha roja para ','escarcha natural',6,5.25,'crema_escarcha_roja.jpg','archivo_barcode.jpg',15,''),(5,1,1,'0005',5,1,'jarabe tosfin','2017-06-06','','natural pharma',10.8,10,'jarabe3.jpg','archivo_barcode.jpg',30,''),(7,1,1,'0007',7,1,'Inhalador de  menta','2017-06-08','inhalador de menta precio 17.25','vick vapor up',17.25,0,'UCA-titol-distancia.jpg','archivo_barcode.jpg',0,''),(8,1,1,'0008',8,1,'Mentol Sikura','2017-06-12','mentol en caja','Laboratorios Green',2.45,2,'unguento2.jpg','archivo_barcode.jpg',100,''),(9,1,1,'0009',9,1,'COLAGENO VITAGEL SABOR FRESA 100G - CASA FOREVERE','2017-06-20','descripcíon de prueba','FOREVER',10.5,10,'reportei.png','archivo_barcode.jpg',20,''),(10,1,5,'0010',10,1,'COLÁGENO FOREVER SABOR VAINILLA 450 G/ SUPER PLUSS','2017-06-20','descripción de prueba forever colágeno con sabor a vainilla.  Añadir otra línea de producto.','FOREVERED',20,10,'','archivo_barcode.jpg',100,''),(11,1,6,'0011',11,1,'COLAGENO VITAGEL SABOR FRESA 500G - MIX5','2017-06-20','colágeno de prueba fresa 500 g','FOREVER',20,10,'','archivo_barcode.jpg',16,''),(12,1,3,'0012',12,1,'Jarabe miel de abeja para niños - 120 ml','2017-06-20','pruebas pruebas jarabe miel','mielpaz',20,10,'','archivo_barcode.jpg',20,''),(13,-1,2,'0013',13,1,'UNGUENTO MIEL DE ABEJAS MIELFIN TUBO 120 G','2017-06-20','esta es una decripción y ahora inactivo al producto','MIELPAZ',12,10,'','archivo_barcode.jpg',120,''),(14,-1,3,'0014',14,1,'TUBO DE PASTA DENTAL EN POLVO ARRAYANCILLO','2017-06-20','se colocó polvo, ahora como jarabe e inactivo','ARRAYANCILLO',15,12,'','archivo_barcode.jpg',28,''),(16,1,4,'0016',16,1,'grageas de vitamina C','2017-06-27','pruebas de gragesas','natural life provider',16,12,'','archivo_barcode.jpg',100,''),(17,1,3,'0017',17,1,'Shampoo capilar','2017-06-27','pruebas de shampoo capilar','natural health',26,24,'','archivo_barcode.jpg',20,''),(18,1,6,'0018',18,1,'jabón seco anticaspa','2017-06-27','pruebas de jabón seco','natural health',13,12.5,'','archivo_barcode.jpg',20,''),(19,1,2,'0019',19,1,'GRAGEAS DE ACIDO FÓLICO','2017-06-27','pruebas de grageas acido fólico','Vida natural',10,12.5,'','archivo_barcode.jpg',20,''),(20,1,6,'0020',20,1,'COLÁGENO SABOR FRESA 200 G','2017-06-27','colágeno de sabor e fresa','FOREVER',28,24,'','archivo_barcode.jpg',200,''),(21,1,4,'0021',21,1,'grageas de miel','2017-06-27','grageas de miel','natural life',5,4,'','archivo_barcode.jpg',20,''),(22,1,3,'0022',22,1,'JARABE DE MIEL DE MAPLE','2017-06-27','','NATURAL LIFE PROVIDER',11,7,'','archivo_barcode.jpg',30,''),(23,1,3,'0023',23,1,'Jarabe de propoleo y miel 120 ML','2017-08-17','Jarabe de pruebas completas del producto 23','Naturalfines',15,10.5,'','archivo_barcode.jpg',10,''),(24,1,3,'0024',24,1,'Jarabe de tipo 400 ML','2017-08-17','descripción de pruebas.  Productos van con punto en el decimal.','NATURAL FINES',10.75,10.25,'','archivo_barcode.jpg',25,''),(26,1,4,'0026',26,1,'Espirulina negra 200G','2017-08-23','algas de espiriluna excelentes para la salud','Laboratorios Albams',35,25,'','archivo_barcode.jpg',10,''),(27,1,4,'0027',27,1,'Desitin unguento 120g','2017-08-23','desitión para niños','ECUAPHARM',20,15,'chochos.jpg','archivo_barcode.jpg',10,''),(29,1,4,'0028',28,1,'Pastillas de levadura de cerveza 150g','2017-08-23','notas de prueba','NATURAL FINES',25,15,'','archivo_barcode.jpg',10,''),(30,1,6,'0029',29,1,'COLAGENO VITAMINICO CON CHANCAPIEDRA Y ROMERO MAS ','2017-08-29','Pruebas','NATURAL LIFE',25,15,'','archivo_barcode.jpg',10,''),(33,1,3,'0030',30,1,'Jarabe de palo 120 G No.2','2017-08-30','jarabe supercaro!!q','natural life',45,25,'','archivo_barcode.jpg',10,''),(34,1,4,'0031',31,1,'super\'s producto \"rico vitaminico\"','2017-09-04','prueba\'s de pruebas\"','NATURAL FItNES',20,10,'','archivo_barcode.jpg',10,''),(35,1,1,'0032',32,1,'Colirio de uvilla y zanahora 30g','2017-09-06','colilrio con gotas altamente beneficiosas para el ojo.','Provida',25,10,'','archivo_barcode.jpg',10,''),(36,1,6,'0033',33,1,'POMADA CULEBRINA 150G','2017-09-08','','VITAL NATURE',25,20,'','archivo_barcode.jpg',10,''),(37,1,3,'0034',34,1,'JARABE DE MAPLE 200G','2017-09-12','Jarabe de miel de maple','NATURAL GRANJA',20,10,'jarabe.jpe','archivo_barcode.jpg',10,''),(38,1,3,'0035',35,1,'JARABE DE MAPLE 125G','2017-09-12','Jarabe de miel de maple de 125G','NATURAL FARMA',20,10,'jarabe.jpe','archivo_barcode.jpg',0,'');
/*!40000 ALTER TABLE `productos` ENABLE KEYS */;
UNLOCK TABLES;

--
-- Table structure for table `sesiones`
--

DROP TABLE IF EXISTS `sesiones`;
/*!40101 SET @saved_cs_client     = @@character_set_client */;
/*!40101 SET character_set_client = utf8 */;
CREATE TABLE `sesiones` (
  `CD_SESION` int(11) NOT NULL AUTO_INCREMENT,
  `CD_TRATAMIENTO` int(11) DEFAULT NULL,
  `FE_SESION` datetime DEFAULT NULL,
  `NOTAS_SESION` varchar(800) DEFAULT NULL,
  `ENCARGADO_SESION` varchar(100) DEFAULT NULL,
  `PRESION_SESION` varchar(10) DEFAULT NULL,
  `FRECUENCIA_CARDIACA_SESION` smallint(6) DEFAULT '0',
  `PESO_SESION` float DEFAULT '0',
  `TALLA_SESION` float DEFAULT '0',
  `NIVEL_DOLOR_SESION` smallint(6) DEFAULT '0',
  PRIMARY KEY (`CD_SESION`),
  KEY `FK_RELATIONSHIP_4` (`CD_TRATAMIENTO`),
  CONSTRAINT `FK_RELATIONSHIP_4` FOREIGN KEY (`CD_TRATAMIENTO`) REFERENCES `tratamientos` (`CD_TRATAMIENTO`)
) ENGINE=InnoDB AUTO_INCREMENT=59 DEFAULT CHARSET=utf8;
/*!40101 SET character_set_client = @saved_cs_client */;

--
-- Dumping data for table `sesiones`
--

LOCK TABLES `sesiones` WRITE;
/*!40000 ALTER TABLE `sesiones` DISABLE KEYS */;
INSERT INTO `sesiones` VALUES (2,23,'2017-05-12 00:00:00','obse','','30',40,10,20,1),(3,18,'2017-05-12 00:00:00','1ra sesion con perro: salir a caminar','','30',40,10,20,1),(4,16,'2017-05-12 00:00:00','caballo blanco','','3',4,1,2,1),(5,16,'2017-05-12 00:00:00','caballo negro','','3',4,1,2,2),(6,16,'2017-05-12 00:00:00','segunda terapia caballo azul','','30',40,10,20,2),(7,23,'2017-05-12 00:00:00','1 sesión de lodo blanco','','30',40,10,20,3),(8,23,'2017-05-12 00:00:00','2da sesión lodo amarillo','','30',40,10,20,1),(9,16,'2017-05-12 00:00:00','observaciones de prueba','','15',20,5,10,3),(10,16,'2017-05-12 00:00:00','terapias 4 de caballos','','40',50,20,30,2),(13,16,'2017-05-15 00:00:00','observacione de terapia','','30',40,10,20,3),(14,16,'2017-05-15 00:00:00','','','0',0,0,0,0),(15,16,'2017-05-15 00:00:00','','','0',0,0,0,0),(16,16,'2017-05-15 00:00:00','','','0',0,0,0,0),(17,16,'2017-05-15 00:00:00','','','0',0,0,0,0),(18,16,'2017-05-15 00:00:00','','','0',0,0,0,0),(19,16,'2017-05-15 00:00:00','','','0',0,0,0,0),(20,16,'2017-05-15 00:00:00','','','0',0,0,0,0),(21,16,'2017-05-15 00:00:00','','','0',0,0,0,0),(22,16,'2017-05-15 00:00:00','','','0',0,0,0,0),(23,16,'2017-05-15 00:00:00','','','0',0,0,0,0),(24,16,'2017-05-15 00:00:00','','','0',0,0,0,0),(25,16,'2017-05-15 00:00:00','','','0',0,0,0,0),(26,16,'2017-05-15 00:00:00','','','0',0,0,0,0),(27,16,'2017-05-15 00:00:00','observaciones','','0',0,0,0,0),(28,16,'2017-05-15 00:00:00','hola','','0',0,0,0,0),(29,16,'2017-05-15 00:00:00','','','0',0,0,0,0),(30,16,'2017-05-15 00:00:00','','','0',0,0,0,0),(31,39,'2017-05-15 00:00:00','el día lunes 15 de mayo aplico 3 pinchazos de abeja...','','0',0,0,0,0),(34,44,'2017-05-16 00:00:00','medicación de la apiterapia','','0',0,0,0,0),(35,45,'2017-05-16 00:00:00','notas de preuba','','0',0,0,0,1),(36,47,'2017-05-17 00:00:00','Pasos\r\n75 minutos\r\n1.	Preparar la salsa al \"Ajillo\": \r\nEn una sarten caliente ponemos el aceite y la mantequilla.\r\n2.	Añadir los ajos pelados y cortados, la sal y la pimienta. Lo reservamos.\r\n','','0',0,0,0,0),(37,48,'2017-05-17 00:00:00','estas son las notas de la apiterapia','','0',0,0,0,0),(38,49,'2017-05-17 00:00:00','detalles de yesoterapia','','0',0,0,0,0),(45,52,'2017-05-18 00:00:00','yeso3','','0',0,0,0,0),(46,52,'2017-05-18 00:00:00','yeso4','','0',0,0,0,0),(47,52,'2017-05-18 00:00:00','yeso5','','0',0,0,0,0),(52,51,'2017-05-18 00:00:00','apiterapia5','','0',0,0,0,0),(53,55,'2017-09-06 00:00:00','viene lunes 4','','0',0,0,0,1),(54,56,'2017-09-06 00:00:00','notas de la terapia musiterapia','','0',0,0,0,0),(55,67,'2017-09-06 00:00:00','terapia 1: cinco lagartijas','','0',0,0,0,1),(56,68,'2017-09-07 00:00:00','viene lunes 4 sept','','0',0,0,0,1),(57,23,'2017-09-11 00:00:00','arcilla negra aplicada 2017/09/11','','0',0,0,0,1),(58,64,'2017-09-11 00:00:00','arcilla café aplicada 2017/09/11','','0',0,0,0,0);
/*!40000 ALTER TABLE `sesiones` ENABLE KEYS */;
UNLOCK TABLES;

--
-- Table structure for table `sucursales`
--

DROP TABLE IF EXISTS `sucursales`;
/*!40101 SET @saved_cs_client     = @@character_set_client */;
/*!40101 SET character_set_client = utf8 */;
CREATE TABLE `sucursales` (
  `CD_SUCURSAL` int(11) NOT NULL AUTO_INCREMENT,
  `CD_EMPRESA` int(11) DEFAULT NULL,
  `NM_SUCURSAL` varchar(100) DEFAULT NULL,
  `DIRECCION_SUCURSAL` varchar(200) DEFAULT NULL,
  PRIMARY KEY (`CD_SUCURSAL`),
  KEY `FK_RELATIONSHIP_2` (`CD_EMPRESA`),
  CONSTRAINT `FK_RELATIONSHIP_2` FOREIGN KEY (`CD_EMPRESA`) REFERENCES `empresas` (`CD_EMPRESA`)
) ENGINE=InnoDB AUTO_INCREMENT=27 DEFAULT CHARSET=utf8;
/*!40101 SET character_set_client = @saved_cs_client */;

--
-- Dumping data for table `sucursales`
--

LOCK TABLES `sucursales` WRITE;
/*!40000 ALTER TABLE `sucursales` DISABLE KEYS */;
INSERT INTO `sucursales` VALUES (1,1,'Biloxi',NULL),(2,1,'Guajaló',NULL),(3,1,'Ambato','null'),(19,1,'Cuenca','null'),(20,1,'Latacunga','null'),(21,1,'Huambaló','null'),(25,1,'Durán','null'),(26,1,'Portoviejo','null');
/*!40000 ALTER TABLE `sucursales` ENABLE KEYS */;
UNLOCK TABLES;

--
-- Table structure for table `tipos_accion`
--

DROP TABLE IF EXISTS `tipos_accion`;
/*!40101 SET @saved_cs_client     = @@character_set_client */;
/*!40101 SET character_set_client = utf8 */;
CREATE TABLE `tipos_accion` (
  `CD_TIPO_ACCION` int(11) NOT NULL AUTO_INCREMENT,
  `NM_TIPO_ACCION` varchar(50) NOT NULL,
  `OBS_TIPO_ACCION` varchar(200) DEFAULT NULL,
  `CD_TIPO_ACCION_PADRE` int(11) DEFAULT NULL,
  `INGRESA_DINERO_ACCION` smallint(6) DEFAULT '0',
  PRIMARY KEY (`CD_TIPO_ACCION`),
  KEY `TIPOS_ACCION_TIPOS_ACCION_FK` (`CD_TIPO_ACCION_PADRE`),
  CONSTRAINT `TIPOS_ACCION_TIPOS_ACCION_FK` FOREIGN KEY (`CD_TIPO_ACCION_PADRE`) REFERENCES `tipos_accion` (`CD_TIPO_ACCION`)
) ENGINE=InnoDB AUTO_INCREMENT=10 DEFAULT CHARSET=utf8;
/*!40101 SET character_set_client = @saved_cs_client */;

--
-- Dumping data for table `tipos_accion`
--

LOCK TABLES `tipos_accion` WRITE;
/*!40000 ALTER TABLE `tipos_accion` DISABLE KEYS */;
INSERT INTO `tipos_accion` VALUES (1,'Cargar/Compra',NULL,NULL,-1),(2,'Descargar/Venta',NULL,NULL,-1),(3,'Compras a proveedor','Compras a proveedor',1,1),(4,'Devolución de cliente','Devolución de cliente',1,1),(5,'Venta a cliente','Venta a cliente',2,1),(6,'Cortesía','Cortesía',2,0),(7,'Devolución proveedor','Devolución proveedor',2,1),(8,'Caducidad','Caducidad',2,0),(9,'Daño envase','Daño envase',2,0);
/*!40000 ALTER TABLE `tipos_accion` ENABLE KEYS */;
UNLOCK TABLES;

--
-- Table structure for table `tratamientos`
--

DROP TABLE IF EXISTS `tratamientos`;
/*!40101 SET @saved_cs_client     = @@character_set_client */;
/*!40101 SET character_set_client = utf8 */;
CREATE TABLE `tratamientos` (
  `CD_TRATAMIENTO` int(11) NOT NULL AUTO_INCREMENT,
  `CD_PACIENTE` int(11) DEFAULT NULL,
  `NM_TRATAMIENTO` varchar(200) DEFAULT NULL,
  `FE_TRATAMIENTO` datetime DEFAULT NULL,
  `MEDICACION_TRATAMIENTO` varchar(800) DEFAULT NULL,
  `OBS_TRATAMIENTO` varchar(800) DEFAULT NULL,
  `TERAPIAS_TRATAMIENTO` int(11) DEFAULT NULL,
  `NOTAS_TRATAMIENTO` varchar(800) DEFAULT NULL,
  PRIMARY KEY (`CD_TRATAMIENTO`),
  KEY `FK_RELATIONSHIP_1` (`CD_PACIENTE`),
  CONSTRAINT `FK_RELATIONSHIP_1` FOREIGN KEY (`CD_PACIENTE`) REFERENCES `pacientes` (`CD_PACIENTE`)
) ENGINE=InnoDB AUTO_INCREMENT=69 DEFAULT CHARSET=utf8;
/*!40101 SET character_set_client = @saved_cs_client */;

--
-- Dumping data for table `tratamientos`
--

LOCK TABLES `tratamientos` WRITE;
/*!40000 ALTER TABLE `tratamientos` DISABLE KEYS */;
INSERT INTO `tratamientos` VALUES (16,7,'hipoterapia','2017-05-16 00:00:00','medicación caballo','obs conseguir un caballo blanco, negro',1,NULL),(18,7,'perroterapia','2017-05-10 00:00:00','med los perrros son los mejores amigos','obsrevaciones perrrunas',12,NULL),(22,9,'musiterapia','2017-05-10 00:00:00','medicac','observa',45,NULL),(23,7,'lodoterapia','2017-09-11 00:00:00','medicación lodo medicinal de Santa Elena','obs lodo comprar arcilla y se envían a realizar 4 seseiones.',4,NULL),(27,8,'hipoterapia','2017-05-12 00:00:00','medica caballo de pruebas','caballo blanco de pruebas',5,NULL),(29,8,'bailoterapia','2017-05-12 00:00:00','discos de baileq','obs preuba',5,NULL),(31,5,'apiterapia','2017-05-12 00:00:00','medicacion apiterapia','obs apirterapia',5,NULL),(32,5,'lodoterapia','2017-05-12 00:00:00','conseguir lodo blanco','lodo blanco',2,NULL),(33,8,'risoterapia','2017-05-12 00:00:00','libros de chistes','obs de chistes, crucigramas',7,NULL),(34,8,'hidroterapia','2017-05-12 00:00:00','medicacion tratamiento','observaciones trata',7,NULL),(35,8,'lodoterapia y apiterapia','2017-05-12 00:00:00','medicación de lodo\r\notra línea','obs lodo blanco',7,NULL),(39,4,'Apiterapia + sueroterapia','2017-05-15 00:00:00','2 tqbletas vitamina c','',5,NULL),(40,4,'lodoterapia','2017-05-15 00:00:00','lodos medicinales','',7,NULL),(41,12,'apiterapia','2017-05-15 00:00:00','sueros de abejas','',45,NULL),(44,15,'apiteraia','2017-05-16 00:00:00','medicación polen','observaciones',12,NULL),(45,16,'apiterapia','2017-05-16 00:00:00','medicación de prueba','observaciones de prueba',12,NULL),(46,16,'lodoterapia','2017-05-16 00:00:00','medicación prueba','obser preuba',10,NULL),(47,7,'crioterapia','2017-05-17 00:00:00','1.	Para preparar el \"ajillo\"\r\n2.	3 ajos\r\n3.	3 cdas mantequilla\r\n4.	2 chatos de vino blanco\r\n5.	1 chorrito aceite de Oliva Virgen Extra\r\n6.	Sal\r\n7.	Pimienta molida\r\n8.	Caldo de pollo\r\n9.	Pescado al \"ajillo\"\r\n10.	2 piezas pescado blanco\r\n11.	1 Limón\r\n12.	Guindilla\r\n13.	Aceite de Oliva\r\nPasos\r\n','1.	Para preparar el \"ajillo\"\r\n2.	3 ajos\r\n3.	3 cdas mantequilla\r\n4.	2 chatos de vino blanco\r\n5.	1 chorrito aceite de Oliva Virgen Extra\r\n6.	Sal\r\n7.	Pimienta molida\r\n8.	Caldo de pollo\r\n9.	Pescado al \"ajillo\"\r\n10.	2 piezas pescado blanco\r\n11.	1 Limón\r\n12.	Guindilla\r\n13.	Aceite de Oliva\r\nPasos',10,NULL),(48,18,'apiterapia','2017-05-17 00:00:00','medicacion para apiterapia','',12,NULL),(49,18,'yesoterapia','2017-05-17 00:00:00','medicación con yso','',4,NULL),(51,20,'Apiterapia + sueroterapia','2017-05-18 00:00:00','jarabes más miel más polen','',5,NULL),(52,20,'yesoterapia','2017-05-18 00:00:00','medicación prueba','obs prueba',4,NULL),(53,7,'gatoterapia','2017-05-18 00:00:00','medicacion gatuna','solo gatos',2,NULL),(54,8,'yodoterapia','2017-07-24 00:00:00','medicación de prueba','obsevaciones de prueba',3,NULL),(55,33,'Yodoterapia','2017-09-06 00:00:00','medicación','obsrvacion de peureba',5,NULL),(56,34,'Musiterapia','2017-09-06 00:00:00','notas de la terapia','',0,NULL),(57,34,'Musiterapia','2017-09-06 00:00:00','escuchar música tres veces al día','ninguna, siga adelante',0,NULL),(64,34,'lodoterapia','2017-09-11 00:00:00','me','',0,NULL),(65,34,'Yodoterapia','2017-09-06 00:00:00','','',0,NULL),(66,34,'Perroterapia','2017-09-06 00:00:00','jugar con su mascota','',4,NULL),(67,34,'Gatoterapia','2017-09-06 00:00:00','gato pruebas','',5,NULL),(68,35,'Musiterapia','2017-09-07 00:00:00','dos horas de música diarias para calmar el espíritu','',5,NULL);
/*!40000 ALTER TABLE `tratamientos` ENABLE KEYS */;
UNLOCK TABLES;

--
-- Table structure for table `unidades_producto`
--

DROP TABLE IF EXISTS `unidades_producto`;
/*!40101 SET @saved_cs_client     = @@character_set_client */;
/*!40101 SET character_set_client = utf8 */;
CREATE TABLE `unidades_producto` (
  `CD_UNIDAD_PRODUCTO` int(11) NOT NULL AUTO_INCREMENT,
  `NM_UNIDAD_PRODUCTO` varchar(30) NOT NULL,
  `DESC_UNIDAD_PRODUCTO` varchar(200) NOT NULL,
  PRIMARY KEY (`CD_UNIDAD_PRODUCTO`)
) ENGINE=InnoDB AUTO_INCREMENT=2 DEFAULT CHARSET=utf8;
/*!40101 SET character_set_client = @saved_cs_client */;

--
-- Dumping data for table `unidades_producto`
--

LOCK TABLES `unidades_producto` WRITE;
/*!40000 ALTER TABLE `unidades_producto` DISABLE KEYS */;
INSERT INTO `unidades_producto` VALUES (1,'Unidad','Se mide en unidades/piezas');
/*!40000 ALTER TABLE `unidades_producto` ENABLE KEYS */;
UNLOCK TABLES;
/*!40103 SET TIME_ZONE=@OLD_TIME_ZONE */;

/*!40101 SET SQL_MODE=@OLD_SQL_MODE */;
/*!40014 SET FOREIGN_KEY_CHECKS=@OLD_FOREIGN_KEY_CHECKS */;
/*!40014 SET UNIQUE_CHECKS=@OLD_UNIQUE_CHECKS */;
/*!40101 SET CHARACTER_SET_CLIENT=@OLD_CHARACTER_SET_CLIENT */;
/*!40101 SET CHARACTER_SET_RESULTS=@OLD_CHARACTER_SET_RESULTS */;
/*!40101 SET COLLATION_CONNECTION=@OLD_COLLATION_CONNECTION */;
/*!40111 SET SQL_NOTES=@OLD_SQL_NOTES */;

-- Dump completed on 2018-01-10 12:28:43
